{
  "model_id": "71",
  "hungarian": true,
  "top1": 0.6888889074325562,
  "top5": 0.9111111164093018,
  "null_f1": 0.99999999999945,
  "unified_accuracy": 0.7454545454545455,
  "null_threshold": 0.7787906203926225,
  "A_ids": [
    "617",
    "684",
    "685",
    "686",
    "687",
    "688",
    "689",
    "690",
    "691",
    "692",
    "693",
    "694",
    "695",
    "696",
    "697",
    "698",
    "699",
    "700",
    "701",
    "702",
    "703",
    "704",
    "705",
    "764",
    "785",
    "858",
    "859",
    "860",
    "861",
    "862",
    "863",
    "864",
    "865",
    "866",
    "867",
    "868",
    "869",
    "870",
    "871",
    "872",
    "873",
    "986",
    "987",
    "988",
    "989",
    "990",
    "991",
    "992",
    "993",
    "994",
    "995",
    "996",
    "997",
    "998",
    "999",
    "1000",
    "1001",
    "1050",
    "1068",
    "1070",
    "1072",
    "1073",
    "1074",
    "1075",
    "1076",
    "1077",
    "1079",
    "1080",
    "1081",
    "1082",
    "1189",
    "1190",
    "1191",
    "1192",
    "1226",
    "1227",
    "1228",
    "1229",
    "1230",
    "1231",
    "1232",
    "1233",
    "1234",
    "1235",
    "1236",
    "1237",
    "1238",
    "1239",
    "1240",
    "1241",
    "1332",
    "1352",
    "1372",
    "1392",
    "1448",
    "1449",
    "1450",
    "1451",
    "1464",
    "1465",
    "1466",
    "1467",
    "1480",
    "1481",
    "1482",
    "1483",
    "1496",
    "1497",
    "1498",
    "1499"
  ],
  "B_ids": [
    "617",
    "684",
    "685",
    "686",
    "687",
    "688",
    "689",
    "690",
    "691",
    "692",
    "693",
    "694",
    "695",
    "696",
    "697",
    "698",
    "699",
    "700",
    "701",
    "702",
    "703",
    "704",
    "705",
    "764",
    "785",
    "858",
    "859",
    "860",
    "861",
    "862",
    "863",
    "864",
    "865",
    "866",
    "867",
    "868",
    "869",
    "870",
    "871",
    "872",
    "873",
    "986",
    "987",
    "988",
    "989",
    "990",
    "991",
    "992",
    "993",
    "994",
    "995",
    "996",
    "997",
    "998",
    "999",
    "1000",
    "1001",
    "1050",
    "1068",
    "1070",
    "1072",
    "1073",
    "1074",
    "1075",
    "1076",
    "1077",
    "1079",
    "1080",
    "1081",
    "1082",
    "1189",
    "1190",
    "1191",
    "1192",
    "1226",
    "1227",
    "1228",
    "1229",
    "1230",
    "1231",
    "1232",
    "1233",
    "1234",
    "1235",
    "1236",
    "1237",
    "1238",
    "1239",
    "1240",
    "1241",
    "2386",
    "2684"
  ],
  "predicted_matches": [
    {
      "A_index": 0,
      "A_xt_id": "617",
      "pred_B_index": 24,
      "pred_B_xt_id": "785",
      "similarity": 0.9964848160743713
    },
    {
      "A_index": 1,
      "A_xt_id": "684",
      "pred_B_index": 1,
      "pred_B_xt_id": "684",
      "similarity": 1.0000001192092896
    },
    {
      "A_index": 2,
      "A_xt_id": "685",
      "pred_B_index": 2,
      "pred_B_xt_id": "685",
      "similarity": 0.9999997615814209
    },
    {
      "A_index": 3,
      "A_xt_id": "686",
      "pred_B_index": 3,
      "pred_B_xt_id": "686",
      "similarity": 1.000000238418579
    },
    {
      "A_index": 4,
      "A_xt_id": "687",
      "pred_B_index": 4,
      "pred_B_xt_id": "687",
      "similarity": 0.9704138040542603
    },
    {
      "A_index": 5,
      "A_xt_id": "688",
      "pred_B_index": 5,
      "pred_B_xt_id": "688",
      "similarity": 0.9946000576019287
    },
    {
      "A_index": 6,
      "A_xt_id": "689",
      "pred_B_index": 6,
      "pred_B_xt_id": "689",
      "similarity": 0.8667588233947754
    },
    {
      "A_index": 7,
      "A_xt_id": "690",
      "pred_B_index": 7,
      "pred_B_xt_id": "690",
      "similarity": 0.9919583201408386
    },
    {
      "A_index": 8,
      "A_xt_id": "691",
      "pred_B_index": 8,
      "pred_B_xt_id": "691",
      "similarity": 0.9919583201408386
    },
    {
      "A_index": 9,
      "A_xt_id": "692",
      "pred_B_index": 9,
      "pred_B_xt_id": "692",
      "similarity": 0.9657180309295654
    },
    {
      "A_index": 10,
      "A_xt_id": "693",
      "pred_B_index": 10,
      "pred_B_xt_id": "693",
      "similarity": 0.965718150138855
    },
    {
      "A_index": 11,
      "A_xt_id": "694",
      "pred_B_index": 11,
      "pred_B_xt_id": "694",
      "similarity": 0.9657180309295654
    },
    {
      "A_index": 12,
      "A_xt_id": "695",
      "pred_B_index": 12,
      "pred_B_xt_id": "695",
      "similarity": 0.965718150138855
    },
    {
      "A_index": 13,
      "A_xt_id": "696",
      "pred_B_index": 13,
      "pred_B_xt_id": "696",
      "similarity": 0.9943597316741943
    },
    {
      "A_index": 14,
      "A_xt_id": "697",
      "pred_B_index": 14,
      "pred_B_xt_id": "697",
      "similarity": 0.9943597316741943
    },
    {
      "A_index": 15,
      "A_xt_id": "698",
      "pred_B_index": 15,
      "pred_B_xt_id": "698",
      "similarity": 0.9943597316741943
    },
    {
      "A_index": 16,
      "A_xt_id": "699",
      "pred_B_index": 16,
      "pred_B_xt_id": "699",
      "similarity": 0.9943597316741943
    },
    {
      "A_index": 17,
      "A_xt_id": "700",
      "pred_B_index": 17,
      "pred_B_xt_id": "700",
      "similarity": 1.000000238418579
    },
    {
      "A_index": 18,
      "A_xt_id": "701",
      "pred_B_index": 18,
      "pred_B_xt_id": "701",
      "similarity": 0.9946000576019287
    },
    {
      "A_index": 19,
      "A_xt_id": "702",
      "pred_B_index": 19,
      "pred_B_xt_id": "702",
      "similarity": 1.0000001192092896
    },
    {
      "A_index": 20,
      "A_xt_id": "703",
      "pred_B_index": 20,
      "pred_B_xt_id": "703",
      "similarity": 0.9999997615814209
    },
    {
      "A_index": 21,
      "A_xt_id": "704",
      "pred_B_index": 21,
      "pred_B_xt_id": "704",
      "similarity": 0.9999997615814209
    },
    {
      "A_index": 22,
      "A_xt_id": "705",
      "pred_B_index": 22,
      "pred_B_xt_id": "705",
      "similarity": 0.9999997615814209
    },
    {
      "A_index": 23,
      "A_xt_id": "764",
      "pred_B_index": 23,
      "pred_B_xt_id": "764",
      "similarity": 1.0000001192092896
    },
    {
      "A_index": 24,
      "A_xt_id": "785",
      "pred_B_index": 0,
      "pred_B_xt_id": "617",
      "similarity": 0.9970912933349609
    },
    {
      "A_index": 25,
      "A_xt_id": "858",
      "pred_B_index": 25,
      "pred_B_xt_id": "858",
      "similarity": 0.9999998211860657
    },
    {
      "A_index": 26,
      "A_xt_id": "859",
      "pred_B_index": 26,
      "pred_B_xt_id": "859",
      "similarity": 1.0000001192092896
    },
    {
      "A_index": 27,
      "A_xt_id": "860",
      "pred_B_index": 48,
      "pred_B_xt_id": "993",
      "similarity": 0.98932945728302
    },
    {
      "A_index": 28,
      "A_xt_id": "861",
      "pred_B_index": 28,
      "pred_B_xt_id": "861",
      "similarity": 1.0000001192092896
    },
    {
      "A_index": 29,
      "A_xt_id": "862",
      "pred_B_index": 45,
      "pred_B_xt_id": "990",
      "similarity": 0.9851336479187012
    },
    {
      "A_index": 30,
      "A_xt_id": "863",
      "pred_B_index": 43,
      "pred_B_xt_id": "988",
      "similarity": 0.9893292784690857
    },
    {
      "A_index": 31,
      "A_xt_id": "864",
      "pred_B_index": 31,
      "pred_B_xt_id": "864",
      "similarity": 1.0
    },
    {
      "A_index": 32,
      "A_xt_id": "865",
      "pred_B_index": 54,
      "pred_B_xt_id": "999",
      "similarity": 0.985133707523346
    },
    {
      "A_index": 33,
      "A_xt_id": "866",
      "pred_B_index": 56,
      "pred_B_xt_id": "1001",
      "similarity": 0.9893292784690857
    },
    {
      "A_index": 34,
      "A_xt_id": "867",
      "pred_B_index": 34,
      "pred_B_xt_id": "867",
      "similarity": 1.0000001192092896
    },
    {
      "A_index": 35,
      "A_xt_id": "868",
      "pred_B_index": 36,
      "pred_B_xt_id": "869",