{
  "model_id": "102",
  "hungarian": true,
  "top1": 1.0,
  "top5": 1.0,
  "null_f1": 0.9999999999994846,
  "unified_accuracy": 1.0,
  "null_threshold": 0.7787906203926225,
  "A_ids": [
    "1115",
    "1116",
    "1117",
    "1118",
    "1119",
    "1120",
    "1121",
    "1122",
    "1123",
    "1124",
    "1125",
    "1126",
    "1127",
    "1128",
    "1129",
    "1130",
    "1131",
    "1132",
    "1133",
    "1134",
    "1135",
    "1136",
    "1199",
    "1200",
    "1202",
    "1217",
    "1233",
    "1234",
    "1235",
    "1250",
    "1268",
    "1273",
    "1274",
    "1275",
    "1290",
    "1291",
    "1292",
    "1293",
    "1308",
    "1309",
    "1310",
    "1311",
    "1312",
    "1313",
    "1336",
    "1337",
    "1338",
    "1339",
    "1340",
    "1341",
    "1342",
    "1343",
    "1344",
    "1345",
    "1346",
    "1347",
    "1348",
    "1349",
    "1350",
    "1351",
    "1352",
    "1353",
    "1354",
    "1355",
    "1356",
    "1357",
    "1420",
    "1421",
    "1422",
    "1423",
    "1424",
    "1425",
    "1427",
    "1428",
    "1429",
    "1430",
    "1431",
    "1432",
    "1433",
    "1434",
    "1435",
    "1436",
    "1437",
    "1438",
    "1439",
    "1440",
    "1441",
    "1504",
    "1505",
    "1506",
    "1507",
    "1508",
    "1509",
    "1510",
    "1511",
    "1512",
    "1513",
    "1514",
    "1515",
    "1516",
    "1517",
    "1518",
    "1519",
    "1520",
    "1521",
    "1522",
    "1523",
    "1524",
    "1525",
    "1773",
    "1778",
    "1783",
    "1788"
  ],
  "B_ids": [
    "1115",
    "1116",
    "1117",
    "1118",
    "1119",
    "1120",
    "1121",
    "1122",
    "1123",
    "1124",
    "1125",
    "1126",
    "1127",
    "1128",
    "1129",
    "1130",
    "1131",
    "1132",
    "1133",
    "1134",
    "1135",
    "1136",
    "1199",
    "1200",
    "1202",
    "1217",
    "1233",
    "1234",
    "1235",
    "1250",
    "1268",
    "1273",
    "1274",
    "1275",
    "1290",
    "1291",
    "1292",
    "1293",
    "1308",
    "1309",
    "1310",
    "1311",
    "1312",
    "1313",
    "1773",
    "1778",
    "1783",
    "1788"
  ],
  "predicted_matches": [
    {
      "A_index": 0,
      "A_xt_id": "1115",
      "pred_B_index": 0,
      "pred_B_xt_id": "1115",
      "similarity": 0.7871025204658508
    },
    {
      "A_index": 1,
      "A_xt_id": "1116",
      "pred_B_index": 1,
      "pred_B_xt_id": "1116",
      "similarity": 0.9262949228286743
    },
    {
      "A_index": 2,
      "A_xt_id": "1117",
      "pred_B_index": 2,
      "pred_B_xt_id": "1117",
      "similarity": 0.9827690720558167
    },
    {
      "A_index": 3,
      "A_xt_id": "1118",
      "pred_B_index": 3,
      "pred_B_xt_id": "1118",
      "similarity": 0.99906986951828
    },
    {
      "A_index": 4,
      "A_xt_id": "1119",
      "pred_B_index": 4,
      "pred_B_xt_id": "1119",
      "similarity": 0.9994534254074097
    },
    {
      "A_index": 5,
      "A_xt_id": "1120",
      "pred_B_index": 5,
      "pred_B_xt_id": "1120",
      "similarity": 0.9981889724731445
    },
    {
      "A_index": 6,
      "A_xt_id": "1121",
      "pred_B_index": 6,
      "pred_B_xt_id": "1121",
      "similarity": 0.9995107650756836
    },
    {
      "A_index": 7,
      "A_xt_id": "1122",
      "pred_B_index": 7,
      "pred_B_xt_id": "1122",
      "similarity": 0.9989607930183411
    },
    {
      "A_index": 8,
      "A_xt_id": "1123",
      "pred_B_index": 8,
      "pred_B_xt_id": "1123",
      "similarity": 0.9962372183799744
    },
    {
      "A_index": 9,
      "A_xt_id": "1124",
      "pred_B_index": 9,
      "pred_B_xt_id": "1124",
      "similarity": 0.9954796433448792
    },
    {
      "A_index": 10,
      "A_xt_id": "1125",
      "pred_B_index": 10,
      "pred_B_xt_id": "1125",
      "similarity": 0.9983687996864319
    },
    {
      "A_index": 11,
      "A_xt_id": "1126",
      "pred_B_index": 11,
      "pred_B_xt_id": "1126",
      "similarity": 0.9932504296302795
    },
    {
      "A_index": 12,
      "A_xt_id": "1127",
      "pred_B_index": 12,
      "pred_B_xt_id": "1127",
      "similarity": 0.998323917388916
    },
    {
      "A_index": 13,
      "A_xt_id": "1128",
      "pred_B_index": 13,
      "pred_B_xt_id": "1128",
      "similarity": 0.9957858920097351
    },
    {
      "A_index": 14,
      "A_xt_id": "1129",
      "pred_B_index": 14,
      "pred_B_xt_id": "1129",
      "similarity": 0.9994375705718994
    },
    {
      "A_index": 15,
      "A_xt_id": "1130",
      "pred_B_index": 15,
      "pred_B_xt_id": "1130",
      "similarity": 0.9977146983146667
    },
    {
      "A_index": 16,
      "A_xt_id": "1131",
      "pred_B_index": 16,
      "pred_B_xt_id": "1131",
      "similarity": 0.9994865655899048
    },
    {
      "A_index": 17,
      "A_xt_id": "1132",
      "pred_B_index": 17,
      "pred_B_xt_id": "1132",
      "similarity": 0.991560697555542
    },
    {
      "A_index": 18,
      "A_xt_id": "1133",
      "pred_B_index": 18,
      "pred_B_xt_id": "1133",
      "similarity": 0.9833110570907593
    },
    {
      "A_index": 19,
      "A_xt_id": "1134",
      "pred_B_index": 19,
      "pred_B_xt_id": "1134",
      "similarity": 0.9168606996536255
    },
    {
      "A_index": 20,
      "A_xt_id": "1135",
      "pred_B_index": 20,
      "pred_B_xt_id": "1135",
      "similarity": 0.9896150231361389
    },
    {
      "A_index": 21,
      "A_xt_id": "1136",
      "pred_B_index": 21,
      "pred_B_xt_id": "1136",
      "similarity": 0.9890918135643005
    },
    {
      "A_index": 22,
      "A_xt_id": "1199",
      "pred_B_index": 22,
      "pred_B_xt_id": "1199",
      "similarity": 0.9834824204444885
    },
    {
      "A_index": 23,
      "A_xt_id": "1200",
      "pred_B_index": 23,
      "pred_B_xt_id": "1200",
      "similarity": 0.9857677817344666
    },
    {
      "A_index": 24,
      "A_xt_id": "1202",
      "pred_B_index": 24,
      "pred_B_xt_id": "1202",
      "similarity": 0.986212432384491
    },
    {
      "A_index": 25,
      "A_xt_id": "1217",
      "pred_B_index": 25,
      "pred_B_xt_id": "1217",
      "similarity": 0.9953633546829224
    },
    {
      "A_index": 26,
      "A_xt_id": "1233",
      "pred_B_index": 26,
      "pred_B_xt_id": "1233",
      "similarity": 0.9903274178504944
    },
    {
      "A_index": 27,
      "A_xt_id": "1234",
      "pred_B_index": 27,
      "pred_B_xt_id": "1234",
      "similarity": 0.9746434092521667
    },
    {
      "A_index": 28,
      "A_xt_id": "1235",
      "pred_B_index": 28,
      "pred_B_xt_id": "1235",
      "similarity": 0.9902823567390442
    },
    {
      "A_index": 29,
      "A_xt_id": "1250",
      "pred_B_index": 29,
      "pred_B_xt_id": "1250",
      "similarity": 0.9959633946418762
    },
    {
      "A_index": 30,
      "A_xt_id": "1268",
      "pred_B_index": 30,
      "pred_B_xt_id": "1268",
      "similarity": 0.9965274333953857
    },
    {
      "A_index": 31,
      "A_xt_id": "1273",
      "pred_B_index": 31,
      "pred_B_xt_id": "1273",
      "similarity": 0.9954524636268616
    },
    {
      "A_index": 32,
      "A_xt_id": "1274",
      "pred_B_index": 32,
      "pred_B_xt_id": "1274",
      "similarity": 0.9961473941802979
    },
    {
      "A_index": 33,
      "A_xt_id": "1275",
      "pred_B_index": 33,
      "pred_B_xt_id": "1275",
      "similarity": 0.927722156047821
    },
    {
      "A_index": 34,
      "A_xt_id": "1290",
      "pred_B_index": 34,
      "pred_B_xt_id": "1290",
      "similarity": 0.9996675848960876
    },
    {
      "A_index": 35,
      "A_xt_id": "1291",
      "pred_B_index": 35,
      "pred_B_xt_id": "1291",
      "similarity": 0.9969338774681091
    },
    {
      "A_index": 36,
      "A_xt_id": "1292",
      "pred_B_index": 36,
      "pred_B_xt_id": "1292",
      "similarity": 0.996155858039856
    },
    {
      "A_index": 37,
      "A_xt_id": "1293",
      "pred_B_index": 37,
      "pred_B_xt_id": "1293",