{
  "model_id": "61",
  "hungarian": true,
  "top1": 0.8181818127632141,
  "top5": 0.9886363744735718,
  "null_f1": 0.9999999999993749,
  "unified_accuracy": 0.8333333333333334,
  "null_threshold": 0.7787906203926225,
  "A_ids": [
    "1833",
    "1835",
    "1998",
    "2000",
    "2001",
    "2845",
    "2847",
    "2851",
    "2853",
    "2857",
    "2859",
    "2863",
    "2865",
    "2869",
    "2871",
    "2875",
    "2877",
    "2883",
    "2884",
    "2885",
    "2887",
    "2888",
    "2889",
    "2891",
    "2919",
    "2920",
    "2921",
    "2923",
    "2924",
    "2925",
    "2926",
    "2954",
    "2955",
    "2962",
    "2963",
    "2964",
    "3000",
    "3001",
    "3002",
    "3003",
    "3005",
    "3006",
    "3007",
    "3008",
    "3009",
    "3080",
    "3081",
    "3082",
    "3147",
    "3231",
    "3266",
    "3277",
    "3282",
    "3290",
    "3342",
    "3393",
    "3444",
    "3495",
    "3546",
    "3594",
    "3595",
    "3596",
    "3597",
    "3598",
    "3599",
    "3612",
    "3613",
    "3614",
    "3615",
    "3632",
    "3633",
    "3634",
    "3635",
    "3652",
    "3653",
    "3654",
    "3655",
    "3672",
    "3673",
    "3674",
    "3675",
    "3721",
    "3754",
    "3755",
    "3756",
    "3762",
    "3763",
    "3772",
    "3773",
    "3782",
    "3783",
    "3793",
    "3794",
    "3804",
    "3805",
    "3830"
  ],
  "B_ids": [
    "1833",
    "1835",
    "1998",
    "2000",
    "2001",
    "2845",
    "2847",
    "2851",
    "2853",
    "2857",
    "2859",
    "2863",
    "2865",
    "2869",
    "2871",
    "2875",
    "2877",
    "2883",
    "2884",
    "2885",
    "2887",
    "2888",
    "2889",
    "2891",
    "2919",
    "2920",
    "2921",
    "2923",
    "2924",
    "2925",
    "2954",
    "2955",
    "2962",
    "2963",
    "2964",
    "3000",
    "3001",
    "3002",
    "3003",
    "3005",
    "3006",
    "3007",
    "3008",
    "3009",
    "3080",
    "3081",
    "3082",
    "3147",
    "3231",
    "3266",
    "3277",
    "3282",
    "3290",
    "3342",
    "3393",
    "3444",
    "3495",
    "3546",
    "3594",
    "3595",
    "3596",
    "3597",
    "3598",
    "3599",
    "3612",
    "3613",
    "3614",
    "3615",
    "3632",
    "3633",
    "3634",
    "3635",
    "3652",
    "3653",
    "3654",
    "3655",
    "3672",
    "3673",
    "3674",
    "3675",
    "3721",
    "3754",
    "3755",
    "3756",
    "3762",
    "3763",
    "3772",
    "3773",
    "4252",
    "5040"
  ],
  "predicted_matches": [
    {
      "A_index": 0,
      "A_xt_id": "1833",
      "pred_B_index": 0,
      "pred_B_xt_id": "1833",
      "similarity": 0.9295036792755127
    },
    {
      "A_index": 1,
      "A_xt_id": "1835",
      "pred_B_index": 1,
      "pred_B_xt_id": "1835",
      "similarity": 0.9947407841682434
    },
    {
      "A_index": 2,
      "A_xt_id": "1998",
      "pred_B_index": 3,
      "pred_B_xt_id": "2000",
      "similarity": 0.9865449070930481
    },
    {
      "A_index": 3,
      "A_xt_id": "2000",
      "pred_B_index": 2,
      "pred_B_xt_id": "1998",
      "similarity": 0.9464698433876038
    },
    {
      "A_index": 4,
      "A_xt_id": "2001",
      "pred_B_index": 4,
      "pred_B_xt_id": "2001",
      "similarity": 0.8903319835662842
    },
    {
      "A_index": 5,
      "A_xt_id": "2845",
      "pred_B_index": 5,
      "pred_B_xt_id": "2845",
      "similarity": 0.9541245698928833
    },
    {
      "A_index": 6,
      "A_xt_id": "2847",
      "pred_B_index": 6,
      "pred_B_xt_id": "2847",
      "similarity": 0.9804921746253967
    },
    {
      "A_index": 7,
      "A_xt_id": "2851",
      "pred_B_index": 7,
      "pred_B_xt_id": "2851",
      "similarity": 0.9755899906158447
    },
    {
      "A_index": 8,
      "A_xt_id": "2853",
      "pred_B_index": 8,
      "pred_B_xt_id": "2853",
      "similarity": 0.9496572613716125
    },
    {
      "A_index": 9,
      "A_xt_id": "2857",
      "pred_B_index": 9,
      "pred_B_xt_id": "2857",
      "similarity": 0.9718330502510071
    },
    {
      "A_index": 10,
      "A_xt_id": "2859",
      "pred_B_index": 10,
      "pred_B_xt_id": "2859",
      "similarity": 0.9768046140670776
    },
    {
      "A_index": 11,
      "A_xt_id": "2863",
      "pred_B_index": 11,
      "pred_B_xt_id": "2863",
      "similarity": 0.9433241486549377
    },
    {
      "A_index": 12,
      "A_xt_id": "2865",
      "pred_B_index": 12,
      "pred_B_xt_id": "2865",
      "similarity": 0.9903897047042847
    },
    {
      "A_index": 13,
      "A_xt_id": "2869",
      "pred_B_index": 13,
      "pred_B_xt_id": "2869",
      "similarity": 0.9432475566864014
    },
    {
      "A_index": 14,
      "A_xt_id": "2871",
      "pred_B_index": 14,
      "pred_B_xt_id": "2871",
      "similarity": 0.950380802154541
    },
    {
      "A_index": 15,
      "A_xt_id": "2875",
      "pred_B_index": 15,
      "pred_B_xt_id": "2875",
      "similarity": 0.9717222452163696
    },
    {
      "A_index": 16,
      "A_xt_id": "2877",
      "pred_B_index": 16,
      "pred_B_xt_id": "2877",
      "similarity": 0.9811736941337585
    },
    {
      "A_index": 17,
      "A_xt_id": "2883",
      "pred_B_index": 19,
      "pred_B_xt_id": "2885",
      "similarity": 0.9208415150642395
    },
    {
      "A_index": 18,
      "A_xt_id": "2884",
      "pred_B_index": 18,
      "pred_B_xt_id": "2884",
      "similarity": 0.9963321685791016
    },
    {
      "A_index": 19,
      "A_xt_id": "2885",
      "pred_B_index": 17,
      "pred_B_xt_id": "2883",
      "similarity": 0.9925409555435181
    },
    {
      "A_index": 20,
      "A_xt_id": "2887",
      "pred_B_index": 20,
      "pred_B_xt_id": "2887",
      "similarity": 0.9851157069206238
    },
    {
      "A_index": 21,
      "A_xt_id": "2888",
      "pred_B_index": 21,
      "pred_B_xt_id": "2888",
      "similarity": 0.9885715842247009
    },
    {
      "A_index": 22,
      "A_xt_id": "2889",
      "pred_B_index": 22,
      "pred_B_xt_id": "2889",
      "similarity": 0.9770206212997437
    },
    {
      "A_index": 23,
      "A_xt_id": "2891",
      "pred_B_index": 23,
      "pred_B_xt_id": "2891",
      "similarity": 0.9904619455337524
    },
    {
      "A_index": 24,
      "A_xt_id": "2919",
      "pred_B_index": 24,
      "pred_B_xt_id": "2919",
      "similarity": 0.9789540767669678
    },
    {
      "A_index": 25,
      "A_xt_id": "2920",
      "pred_B_index": 25,
      "pred_B_xt_id": "2920",
      "similarity": 0.9887019991874695
    },
    {
      "A_index": 26,
      "A_xt_id": "2921",
      "pred_B_index": 26,
      "pred_B_xt_id": "2921",
      "similarity": 0.9856775403022766
    },
    {
      "A_index": 27,
      "A_xt_id": "2923",
      "pred_B_index": 29,
      "pred_B_xt_id": "2925",
      "similarity": 0.9934208989143372
    },
    {
      "A_index": 28,
      "A_xt_id": "2924",
      "pred_B_index": 28,
      "pred_B_xt_id": "2924",
      "similarity": 0.9953176379203796
    },
    {
      "A_index": 29,
      "A_xt_id": "2925",
      "pred_B_index": 27,
      "pred_B_xt_id": "2923",
      "similarity": 0.9003488421440125
    },
    {
      "A_index": 30,
      "A_xt_id": "2926",
      "pred_B_index": null,
      "pred_B_xt_id": null,
      "similarity": 0.9770514965057373
    },
    {
      "A_index": 31,
      "A_xt_id": "2954",
      "pred_B_index": 30,
      "pred_B_xt_id": "2954",
      "similarity": 0.9961361289024353
    },
    {
      "A_index": 32,
      "A_xt_id": "2955",
      "pred_B_index": 31,
      "pred_B_xt_id": "2955",
      "similarity": 0.9815173745155334
    },
    {
      "A_index": 33,
      "A_xt_id": "2962",
      "pred_B_index": 32,
      "pred_B_xt_id": "2962",
      "similarity": 0.9815740585327148
    },
    {
      "A_index": 34,
      "A_xt_id": "2963",
      "pred_B_index": 33,
      "pred_B_xt_id": "2963",
      "similarity": 0.9961422085762024
    },
    {
      "A_index": 35,
      "A_xt_id": "2964",
      "pred_B_index": 34,
      "pred_B_xt_id": "2964",