{
  "model_id": "91",
  "hungarian_used": true,
  "metric_details": {
    "top1_accuracy": 0.9333333373069763,
    "top5_accuracy": 1.0,
    "null_f1": 0.983606557376517,
    "unified_accuracy": 0.9777777777777777,
    "null_threshold": 0.7355133792480747,
    "TP": 30,
    "FP": 1,
    "FN": 0,
    "total_faces": 45,
    "structural_edge_consistency": 1.0
  },
  "A_ids": [
    334,
    335,
    336,
    337,
    338,
    339,
    340,
    362,
    364,
    369,
    370,
    374,
    382,
    407,
    410,
    413,
    418,
    419,
    420,
    421,
    422,
    443,
    444,
    445,
    446,
    447,
    448,
    449,
    450,
    451,
    452,
    453,
    454,
    485,
    486,
    487,
    488,
    489,
    490,
    491,
    492,
    493,
    494,
    495,
    496
  ],
  "B_ids": [
    334,
    335,
    336,
    337,
    338,
    339,
    340,
    362,
    364,
    369,
    370,
    374,
    382,
    407,
    410,
    1280,
    1282
  ],
  "max_similarity_per_A": [
    0.8137575387954712,
    0.7533803582191467,
    0.7528156042098999,
    0.85735684633255,
    0.8373522162437439,
    0.7999142408370972,
    0.8054938912391663,
    0.754675030708313,
    0.7820401787757874,
    0.9999999403953552,
    0.9999998807907104,
    0.9999998807907104,
    0.7259902358055115,
    0.9888273477554321,
    0.7376974821090698,
    0.7510508298873901,
    0.7554654479026794,
    0.7939291596412659,
    0.8165783286094666,
    0.8467552661895752,
    0.674252986907959,
    0.8566941022872925,
    0.868078351020813,
    0.8237394094467163,
    0.8616071939468384,
    0.7005927562713623,
    0.7646474838256836,
    0.6970993280410767,
    0.8135681748390198,
    0.7653957009315491,
    0.7095262408256531,
    0.6253142952919006,
    0.7354207038879395,
    0.7241898775100708,
    0.5982298851013184,
    0.711155891418457,
    0.636532187461853,
    0.702362060546875,
    0.5251699090003967,
    0.5972126722335815,
    0.6404367685317993,
    0.713867723941803,
    0.8230584859848022,
    0.7501513957977295,
    0.8526264429092407
  ],
  "predicted_matches": [
    {
      "A_index": 0,
      "A_xt_id": 334,
      "pred_B_index": 0,
      "pred_B_xt_id": 334,
      "similarity": 0.8137575387954712,
      "is_null": false
    },
    {
      "A_index": 1,
      "A_xt_id": 335,
      "pred_B_index": 1,
      "pred_B_xt_id": 335,
      "similarity": 0.7533803582191467,
      "is_null": false
    },
    {
      "A_index": 2,
      "A_xt_id": 336,
      "pred_B_index": 2,
      "pred_B_xt_id": 336,
      "similarity": 0.7528156042098999,
      "is_null": false
    },
    {
      "A_index": 3,
      "A_xt_id": 337,
      "pred_B_index": 3,
      "pred_B_xt_id": 337,
      "similarity": 0.85735684633255,
      "is_null": false
    },
    {
      "A_index": 4,
      "A_xt_id": 338,
      "pred_B_index": 4,
      "pred_B_xt_id": 338,
      "similarity": 0.8373522162437439,
      "is_null": false
    },
    {
      "A_index": 5,
      "A_xt_id": 339,
      "pred_B_index": 5,
      "pred_B_xt_id": 339,
      "similarity": 0.7999142408370972,
      "is_null": false
    },
    {
      "A_index": 6,
      "A_xt_id": 340,
      "pred_B_index": 6,
      "pred_B_xt_id": 340,
      "similarity": 0.8054938912391663,
      "is_null": false
    },
    {
      "A_index": 7,
      "A_xt_id": 362,
      "pred_B_index": 7,
      "pred_B_xt_id": 362,
      "similarity": 0.754675030708313,
      "is_null": false
    },
    {
      "A_index": 8,
      "A_xt_id": 364,
      "pred_B_index": 8,
      "pred_B_xt_id": 364,
      "similarity": 0.7820401787757874,
      "is_null": false
    },
    {
      "A_index": 9,
      "A_xt_id": 369,
      "pred_B_index": 9,
      "pred_B_xt_id": 369,
      "similarity": 0.9999999403953552,
      "is_null": false
    },
    {
      "A_index": 10,
      "A_xt_id": 370,
      "pred_B_index": 10,
      "pred_B_xt_id": 370,
      "similarity": 0.9999998807907104,
      "is_null": false
    },
    {
      "A_index": 11,
      "A_xt_id": 374,
      "pred_B_index": 11,
      "pred_B_xt_id": 374,
      "similarity": 0.9999998807907104,
      "is_null": false
    },
    {
      "A_index": 12,
      "A_xt_id": 382,
      "pred_B_index": null,
      "pred_B_xt_id": null,
      "similarity": 0.7259902358055115,
      "is_null": true
    },
    {
      "A_index": 13,
      "A_xt_id": 407,
      "pred_B_index": 13,
      "pred_B_xt_id": 407,
      "similarity": 0.9888273477554321,
      "is_null": false
    },
    {
      "A_index": 14,
      "A_xt_id": 410,
      "pred_B_index": 14,
      "pred_B_xt_id": 410,
      "similarity": 0.7376974821090698,
      "is_null": false
    },
    {
      "A_index": 15,
      "A_xt_id": 413,
      "pred_B_index": null,
      "pred_B_xt_id": null,
      "similarity": 0.7510508298873901,
      "is_null": true
    },
    {
      "A_index": 16,
      "A_xt_id": 418,
      "pred_B_index": null,
      "pred_B_xt_id": null,
      "similarity": 0.7554654479026794,
      "is_null": true
    },
    {
      "A_index": 17,
      "A_xt_id": 419,
      "pred_B_index": null,
      "pred_B_xt_id": null,
      "similarity": 0.7939291596412659,
      "is_null": true
    },
    {
      "A_index": 18,
      "A_xt_id": 420,
      "pred_B_index": null,
      "pred_B_xt_id": null,
      "similarity": 0.8165783286094666,
      "is_null": true
    },
    {
      "A_index": 19,
      "A_xt_id": 421,
      "pred_B_index": null,
      "pred_B_xt_id": null,
      "similarity": 0.8467552661895752,
      "is_null": true
    },
    {
      "A_index": 20,
      "A_xt_id": 422,
      "pred_B_index": null,
      "pred_B_xt_id": null,
      "similarity": 0.674252986907959,
      "is_null": true
    },
    {
      "A_index": 21,
      "A_xt_id": 443,
      "pred_B_index": null,
      "pred_B_xt_id": null,
      "similarity": 0.8566941022872925,
      "is_null": true
    },
    {
      "A_index": 22,
      "A_xt_id": 444,
      "pred_B_index": null,
      "pred_B_xt_id": null,
      "similarity": 0.868078351020813,
      "is_null": true
    },
    {
      "A_index": 23,
      "A_xt_id": 445,
      "pred_B_index": null,
      "pred_B_xt_id": null,
      "similarity": 0.8237394094467163,
      "is_null": true
    },
    {
      "A_index": 24,
      "A_xt_id": 446,
      "pred_B_index": null,
      "pred_B_xt_id": null,
      "similarity": 0.8616071939468384,
      "is_null": true
    },
    {
      "A_index": 25,
      "A_xt_id": 447,
      "pred_B_index": null,
      "pred_B_xt_id": null,
      "similarity": 0.7005927562713623,
      "is_null": true
    },
    {
      "A_index": 26,
      "A_xt_id": 448,
      "pred_B_index": null,
      "pred_B_xt_id": null,
      "similarity": 0.7646474838256836,
      "is_null": true
    },
    {
      "A_index": 27,
      "A_xt_id": 449,
      "pred_B_index": null,
      "pred_B_xt_id": null,
      "similarity": 0.6970993280410767,
      "is_null": true
    },
    {
      "A_index": 28,
      "A_xt_id": 450,
      "pred_B_index": null,
      "pred_B_xt_id": null,
      "similarity": 0.8135681748390198,
      "is_null": true
    },
    {
      "A_index": 29,
      "A_xt_id": 451,
      "pred_B_index": null,
      "pred_B_xt_id": null,
      "similarity": 0.7653957009315491,
      "is_null": true
    },
    {
      "A_index": 30,
      "A_xt_id": 452,
      "pred_B_index": null,
      "pred_B_xt_id": null,
      "similarity": 0.7095262408256531,
      "is_null": true
    },
    {
      "A_index": 31,
      "A_xt_id": 453,
      "pred_B_index": null,
      "pred_B_xt_id": null,
      "similarity": 0.6253142952919006,
      "is_null": true
    },
    {
      "A_index": 32,
      "A_xt_id": 454,
      "pred_B_index": null,
      "pred_B_xt_id": null,
      "similarity": 0.7354207038879395,
      "is_null": true
    },
    {
      "A_index": 33,
      "A_xt_id": 485,
      "pred_B_index": null,
      "pred_B_xt_id": null,
      "similarity": 0.7241898775100708,
      "is_null": true
    },
    {
      "A_index": 34,
      "A_xt_id": 486,