{
  "model_id": "5",
  "hungarian_used": true,
  "metric_details": {
    "top1_accuracy": 1.0,
    "top5_accuracy": 1.0,
    "null_f1": 0.9999999999993572,
    "unified_accuracy": 1.0,
    "null_threshold": 0.7355133792480747,
    "TP": 7,
    "FP": 0,
    "FN": 0,
    "total_faces": 51,
    "structural_edge_consistency": 0.9917355371900827
  },
  "A_ids": [
    657,
    658,
    659,
    660,
    661,
    662,
    663,
    664,
    665,
    666,
    693,
    695,
    697,
    699,
    700,
    726,
    727,
    728,
    734,
    735,
    736,
    737,
    738,
    739,
    740,
    741,
    743,
    781,
    782,
    783,
    784,
    785,
    786,
    787,
    788,
    821,
    822,
    823,
    824,
    825,
    826,
    827,
    828,
    864,
    913,
    914,
    915,
    922,
    923,
    924,
    925
  ],
  "B_ids": [
    657,
    658,
    659,
    660,
    661,
    662,
    663,
    664,
    665,
    666,
    693,
    695,
    697,
    699,
    700,
    726,
    727,
    728,
    734,
    735,
    736,
    737,
    738,
    739,
    740,
    741,
    743,
    781,
    782,
    783,
    784,
    785,
    786,
    787,
    788,
    821,
    822,
    823,
    824,
    825,
    826,
    827,
    828,
    864,
    2827,
    2839,
    2851,
    2863,
    2897
  ],
  "max_similarity_per_A": [
    0.9667888879776001,
    0.953433632850647,
    0.9673982262611389,
    0.9464960694313049,
    0.9715001583099365,
    0.970623791217804,
    0.9814785122871399,
    0.9734052419662476,
    0.9538705945014954,
    0.8794355392456055,
    0.9159975051879883,
    0.8830752968788147,
    0.8940770030021667,
    0.890612781047821,
    0.8430376052856445,
    0.9492436051368713,
    0.9337318539619446,
    0.9685848951339722,
    0.9655858278274536,
    0.9286918044090271,
    0.9641527533531189,
    0.9711601734161377,
    0.9594117999076843,
    0.9194998145103455,
    0.9691545367240906,
    0.975250780582428,
    0.7683103084564209,
    0.936492919921875,
    0.9500308632850647,
    0.9590175747871399,
    0.9247504472732544,
    0.9618756175041199,
    0.9313329458236694,
    0.9392609596252441,
    0.9472383856773376,
    0.9646208882331848,
    0.962601363658905,
    0.9727949500083923,
    0.9587989449501038,
    0.9741312861442566,
    0.9733564257621765,
    0.9745768904685974,
    0.9445039629936218,
    0.8866382241249084,
    0.876553475856781,
    0.8768993616104126,
    0.8878695964813232,
    0.7024891376495361,
    0.7002317309379578,
    0.6947514414787292,
    0.7042306065559387
  ],
  "predicted_matches": [
    {
      "A_index": 0,
      "A_xt_id": 657,
      "pred_B_index": 0,
      "pred_B_xt_id": 657,
      "similarity": 0.9667888879776001,
      "is_null": false
    },
    {
      "A_index": 1,
      "A_xt_id": 658,
      "pred_B_index": 1,
      "pred_B_xt_id": 658,
      "similarity": 0.953433632850647,
      "is_null": false
    },
    {
      "A_index": 2,
      "A_xt_id": 659,
      "pred_B_index": 2,
      "pred_B_xt_id": 659,
      "similarity": 0.9673982262611389,
      "is_null": false
    },
    {
      "A_index": 3,
      "A_xt_id": 660,
      "pred_B_index": 3,
      "pred_B_xt_id": 660,
      "similarity": 0.9464960694313049,
      "is_null": false
    },
    {
      "A_index": 4,
      "A_xt_id": 661,
      "pred_B_index": 4,
      "pred_B_xt_id": 661,
      "similarity": 0.9715001583099365,
      "is_null": false
    },
    {
      "A_index": 5,
      "A_xt_id": 662,
      "pred_B_index": 5,
      "pred_B_xt_id": 662,
      "similarity": 0.970623791217804,
      "is_null": false
    },
    {
      "A_index": 6,
      "A_xt_id": 663,
      "pred_B_index": 6,
      "pred_B_xt_id": 663,
      "similarity": 0.9814785122871399,
      "is_null": false
    },
    {
      "A_index": 7,
      "A_xt_id": 664,
      "pred_B_index": 7,
      "pred_B_xt_id": 664,
      "similarity": 0.9734052419662476,
      "is_null": false
    },
    {
      "A_index": 8,
      "A_xt_id": 665,
      "pred_B_index": 8,
      "pred_B_xt_id": 665,
      "similarity": 0.9538705945014954,
      "is_null": false
    },
    {
      "A_index": 9,
      "A_xt_id": 666,
      "pred_B_index": 9,
      "pred_B_xt_id": 666,
      "similarity": 0.8794355392456055,
      "is_null": false
    },
    {
      "A_index": 10,
      "A_xt_id": 693,
      "pred_B_index": 10,
      "pred_B_xt_id": 693,
      "similarity": 0.9159975051879883,
      "is_null": false
    },
    {
      "A_index": 11,
      "A_xt_id": 695,
      "pred_B_index": 11,
      "pred_B_xt_id": 695,
      "similarity": 0.8830752968788147,
      "is_null": false
    },
    {
      "A_index": 12,
      "A_xt_id": 697,
      "pred_B_index": 12,
      "pred_B_xt_id": 697,
      "similarity": 0.8940770030021667,
      "is_null": false
    },
    {
      "A_index": 13,
      "A_xt_id": 699,
      "pred_B_index": 13,
      "pred_B_xt_id": 699,
      "similarity": 0.890612781047821,
      "is_null": false
    },
    {
      "A_index": 14,
      "A_xt_id": 700,
      "pred_B_index": 14,
      "pred_B_xt_id": 700,
      "similarity": 0.8430376052856445,
      "is_null": false
    },
    {
      "A_index": 15,
      "A_xt_id": 726,
      "pred_B_index": 15,
      "pred_B_xt_id": 726,
      "similarity": 0.9492436051368713,
      "is_null": false
    },
    {
      "A_index": 16,
      "A_xt_id": 727,
      "pred_B_index": 16,
      "pred_B_xt_id": 727,
      "similarity": 0.9337318539619446,
      "is_null": false
    },
    {
      "A_index": 17,
      "A_xt_id": 728,
      "pred_B_index": 17,
      "pred_B_xt_id": 728,
      "similarity": 0.9685848951339722,
      "is_null": false
    },
    {
      "A_index": 18,
      "A_xt_id": 734,
      "pred_B_index": 18,
      "pred_B_xt_id": 734,
      "similarity": 0.9655858278274536,
      "is_null": false
    },
    {
      "A_index": 19,
      "A_xt_id": 735,
      "pred_B_index": 19,
      "pred_B_xt_id": 735,
      "similarity": 0.9286918044090271,
      "is_null": false
    },
    {
      "A_index": 20,
      "A_xt_id": 736,
      "pred_B_index": 20,
      "pred_B_xt_id": 736,
      "similarity": 0.9641527533531189,
      "is_null": false
    },
    {
      "A_index": 21,
      "A_xt_id": 737,
      "pred_B_index": 21,
      "pred_B_xt_id": 737,
      "similarity": 0.9711601734161377,
      "is_null": false
    },
    {
      "A_index": 22,
      "A_xt_id": 738,
      "pred_B_index": 22,
      "pred_B_xt_id": 738,
      "similarity": 0.9594117999076843,
      "is_null": false
    },
    {
      "A_index": 23,
      "A_xt_id": 739,
      "pred_B_index": 23,
      "pred_B_xt_id": 739,
      "similarity": 0.9194998145103455,
      "is_null": false
    },
    {
      "A_index": 24,
      "A_xt_id": 740,
      "pred_B_index": 24,
      "pred_B_xt_id": 740,
      "similarity": 0.9691545367240906,
      "is_null": false
    },
    {
      "A_index": 25,
      "A_xt_id": 741,
      "pred_B_index": 25,
      "pred_B_xt_id": 741,
      "similarity": 0.975250780582428,
      "is_null": false
    },
    {
      "A_index": 26,
      "A_xt_id": 743,
      "pred_B_index": 26,
      "pred_B_xt_id": 743,
      "similarity": 0.7683103084564209,
      "is_null": false
    },
    {
      "A_index": 27,
      "A_xt_id": 781,
      "pred_B_index": 27,
      "pred_B_xt_id": 781,
      "similarity": 0.936492919921875,
      "is_null": false
    },
    {
      "A_index": 28,
      "A_xt_id": 782,
      "pred_B_index": 28,
      "pred_B_xt_id": 782,
      "similarity": 0.9500308632850647,
      "is_null": false
    },
    {
      "A_index": 29,
      "A_xt_id": 783,
      "pred_B_index": 29,
      "pred_B_xt_id": 783,
      "similarity": 0.9590175747871399,
      "is_null": false
    },
    {
      "A_index": 30,
      "A_xt_id": 784,
      "pred_B_index": 30,
      "pred_B_xt_id": 784,
      "similarity": 0.9247504472732544,
      "is_null": false
    },
    {
      "A_index": 31,
      "A_xt_id": 785,
      "pred_B_index": 31,
      "pred_B_xt_id": 785,