{
  "model_id": "90",
  "hungarian_used": true,
  "metric_details": {
    "top1_accuracy": 1.0,
    "top5_accuracy": 1.0,
    "null_f1": 0.9999999999994524,
    "unified_accuracy": 1.0,
    "null_threshold": 0.7355133792480747,
    "TP": 21,
    "FP": 0,
    "FN": 0,
    "total_faces": 48,
    "structural_edge_consistency": 1.0
  },
  "A_ids": [
    130,
    132,
    139,
    149,
    150,
    151,
    152,
    153,
    154,
    155,
    204,
    216,
    217,
    222,
    225,
    228,
    229,
    230,
    231,
    232,
    233,
    303,
    304,
    305,
    306,
    307,
    308,
    309,
    310,
    311,
    312,
    313,
    314,
    345,
    351,
    388,
    391,
    392,
    393,
    394,
    395,
    396,
    397,
    398,
    399,
    400,
    401,
    402
  ],
  "B_ids": [
    149,
    150,
    151,
    152,
    153,
    154,
    155,
    156,
    204,
    228,
    229,
    230,
    231,
    232,
    233,
    261,
    262,
    263,
    264,
    265,
    266,
    267,
    268,
    269,
    270,
    271,
    272,
    303,
    304,
    305,
    306,
    307,
    308,
    309,
    310,
    311,
    312,
    313,
    314,
    345
  ],
  "max_similarity_per_A": [
    0.6494056582450867,
    0.8607898950576782,
    0.520718514919281,
    0.8333134651184082,
    0.8545183539390564,
    0.8271248936653137,
    0.778078019618988,
    0.9078927040100098,
    0.9153051376342773,
    1.0000001192092896,
    0.8408604860305786,
    0.855871856212616,
    0.6164594888687134,
    0.6786066889762878,
    0.8192156553268433,
    0.9105889201164246,
    0.7554721236228943,
    0.8024410009384155,
    0.853499174118042,
    0.9430944323539734,
    0.9308189749717712,
    0.843504011631012,
    0.8737120032310486,
    0.9380673170089722,
    0.9166862964630127,
    0.9333681464195251,
    0.8012880086898804,
    0.8213295340538025,
    0.7988133430480957,
    0.8411728739738464,
    0.854159951210022,
    0.8965957164764404,
    0.9057040810585022,
    0.9909545183181763,
    0.8093622922897339,
    0.4744938910007477,
    0.775779664516449,
    0.7289438247680664,
    0.7236826419830322,
    0.8097343444824219,
    0.8473497033119202,
    0.8429992198944092,
    0.8626306653022766,
    0.8278565406799316,
    0.7887961268424988,
    0.8874295949935913,
    0.9034087657928467,
    0.7773400545120239
  ],
  "predicted_matches": [
    {
      "A_index": 0,
      "A_xt_id": 130,
      "pred_B_index": null,
      "pred_B_xt_id": null,
      "similarity": 0.6494056582450867,
      "is_null": true
    },
    {
      "A_index": 1,
      "A_xt_id": 132,
      "pred_B_index": null,
      "pred_B_xt_id": null,
      "similarity": 0.8607898950576782,
      "is_null": true
    },
    {
      "A_index": 2,
      "A_xt_id": 139,
      "pred_B_index": null,
      "pred_B_xt_id": null,
      "similarity": 0.520718514919281,
      "is_null": true
    },
    {
      "A_index": 3,
      "A_xt_id": 149,
      "pred_B_index": 0,
      "pred_B_xt_id": 149,
      "similarity": 0.8333134651184082,
      "is_null": false
    },
    {
      "A_index": 4,
      "A_xt_id": 150,
      "pred_B_index": 1,
      "pred_B_xt_id": 150,
      "similarity": 0.8545183539390564,
      "is_null": false
    },
    {
      "A_index": 5,
      "A_xt_id": 151,
      "pred_B_index": 2,
      "pred_B_xt_id": 151,
      "similarity": 0.8271248936653137,
      "is_null": false
    },
    {
      "A_index": 6,
      "A_xt_id": 152,
      "pred_B_index": 3,
      "pred_B_xt_id": 152,
      "similarity": 0.778078019618988,
      "is_null": false
    },
    {
      "A_index": 7,
      "A_xt_id": 153,
      "pred_B_index": 4,
      "pred_B_xt_id": 153,
      "similarity": 0.9078927040100098,
      "is_null": false
    },
    {
      "A_index": 8,
      "A_xt_id": 154,
      "pred_B_index": 5,
      "pred_B_xt_id": 154,
      "similarity": 0.9153051376342773,
      "is_null": false
    },
    {
      "A_index": 9,
      "A_xt_id": 155,
      "pred_B_index": 6,
      "pred_B_xt_id": 155,
      "similarity": 1.0000001192092896,
      "is_null": false
    },
    {
      "A_index": 10,
      "A_xt_id": 204,
      "pred_B_index": 8,
      "pred_B_xt_id": 204,
      "similarity": 0.8408604860305786,
      "is_null": false
    },
    {
      "A_index": 11,
      "A_xt_id": 216,
      "pred_B_index": null,
      "pred_B_xt_id": null,
      "similarity": 0.855871856212616,
      "is_null": true
    },
    {
      "A_index": 12,
      "A_xt_id": 217,
      "pred_B_index": null,
      "pred_B_xt_id": null,
      "similarity": 0.6164594888687134,
      "is_null": true
    },
    {
      "A_index": 13,
      "A_xt_id": 222,
      "pred_B_index": null,
      "pred_B_xt_id": null,
      "similarity": 0.6786066889762878,
      "is_null": true
    },
    {
      "A_index": 14,
      "A_xt_id": 225,
      "pred_B_index": null,
      "pred_B_xt_id": null,
      "similarity": 0.8192156553268433,
      "is_null": true
    },
    {
      "A_index": 15,
      "A_xt_id": 228,
      "pred_B_index": 9,
      "pred_B_xt_id": 228,
      "similarity": 0.9105889201164246,
      "is_null": false
    },
    {
      "A_index": 16,
      "A_xt_id": 229,
      "pred_B_index": 10,
      "pred_B_xt_id": 229,
      "similarity": 0.7554721236228943,
      "is_null": false
    },
    {
      "A_index": 17,
      "A_xt_id": 230,
      "pred_B_index": 11,
      "pred_B_xt_id": 230,
      "similarity": 0.8024410009384155,
      "is_null": false
    },
    {
      "A_index": 18,
      "A_xt_id": 231,
      "pred_B_index": 12,
      "pred_B_xt_id": 231,
      "similarity": 0.853499174118042,
      "is_null": false
    },
    {
      "A_index": 19,
      "A_xt_id": 232,
      "pred_B_index": 13,
      "pred_B_xt_id": 232,
      "similarity": 0.9430944323539734,
      "is_null": false
    },
    {
      "A_index": 20,
      "A_xt_id": 233,
      "pred_B_index": 14,
      "pred_B_xt_id": 233,
      "similarity": 0.9308189749717712,
      "is_null": false
    },
    {
      "A_index": 21,
      "A_xt_id": 303,
      "pred_B_index": 27,
      "pred_B_xt_id": 303,
      "similarity": 0.843504011631012,
      "is_null": false
    },
    {
      "A_index": 22,
      "A_xt_id": 304,
      "pred_B_index": 28,
      "pred_B_xt_id": 304,
      "similarity": 0.8737120032310486,
      "is_null": false
    },
    {
      "A_index": 23,
      "A_xt_id": 305,
      "pred_B_index": 29,
      "pred_B_xt_id": 305,
      "similarity": 0.9380673170089722,
      "is_null": false
    },
    {
      "A_index": 24,
      "A_xt_id": 306,
      "pred_B_index": 30,
      "pred_B_xt_id": 306,
      "similarity": 0.9166862964630127,
      "is_null": false
    },
    {
      "A_index": 25,
      "A_xt_id": 307,
      "pred_B_index": 31,
      "pred_B_xt_id": 307,
      "similarity": 0.9333681464195251,
      "is_null": false
    },
    {
      "A_index": 26,
      "A_xt_id": 308,
      "pred_B_index": 32,
      "pred_B_xt_id": 308,
      "similarity": 0.8012880086898804,
      "is_null": false
    },
    {
      "A_index": 27,
      "A_xt_id": 309,
      "pred_B_index": 33,
      "pred_B_xt_id": 309,
      "similarity": 0.8213295340538025,
      "is_null": false
    },
    {
      "A_index": 28,
      "A_xt_id": 310,
      "pred_B_index": 34,
      "pred_B_xt_id": 310,
      "similarity": 0.7988133430480957,
      "is_null": false
    },
    {
      "A_index": 29,
      "A_xt_id": 311,
      "pred_B_index": 35,
      "pred_B_xt_id": 311,
      "similarity": 0.8411728739738464,
      "is_null": false
    },
    {
      "A_index": 30,
      "A_xt_id": 312,
      "pred_B_index": 36,
      "pred_B_xt_id": 312,
      "similarity": 0.854159951210022,
      "is_null": false
    },
    {
      "A_index": 31,
      "A_xt_id": 313,
      "pred_B_index": 37,
      "pred_B_xt_id": 313,
      "similarity": 0.8965957164764404,
      "is_null": false
    },
    {
      "A_index": 32,
      "A_xt_id": 314,
      "pred_B_index": 38,
      "pred_B_xt_id": 314,
      "similarity": 0.9057040810585022,