{
  "model_id": "90",
  "hungarian_used": true,
  "metric_details": {
    "top1_accuracy": 1.0,
    "top5_accuracy": 1.0,
    "null_f1": 0.9999999999994524,
    "unified_accuracy": 1.0,
    "null_threshold": 0.741270332384585,
    "TP": 21,
    "FP": 0,
    "FN": 0,
    "total_faces": 48,
    "structural_edge_consistency": 1.0
  },
  "A_ids": [
    130,
    132,
    139,
    149,
    150,
    151,
    152,
    153,
    154,
    155,
    204,
    216,
    217,
    222,
    225,
    228,
    229,
    230,
    231,
    232,
    233,
    303,
    304,
    305,
    306,
    307,
    308,
    309,
    310,
    311,
    312,
    313,
    314,
    345,
    351,
    388,
    391,
    392,
    393,
    394,
    395,
    396,
    397,
    398,
    399,
    400,
    401,
    402
  ],
  "B_ids": [
    149,
    150,
    151,
    152,
    153,
    154,
    155,
    156,
    204,
    228,
    229,
    230,
    231,
    232,
    233,
    261,
    262,
    263,
    264,
    265,
    266,
    267,
    268,
    269,
    270,
    271,
    272,
    303,
    304,
    305,
    306,
    307,
    308,
    309,
    310,
    311,
    312,
    313,
    314,
    345
  ],
  "max_similarity_per_A": [
    0.6737582087516785,
    0.7008915543556213,
    0.5475603342056274,
    0.8045921921730042,
    0.7940177321434021,
    0.9126681089401245,
    0.8309992551803589,
    0.8279070258140564,
    0.7823583483695984,
    1.000000238418579,
    0.9926016926765442,
    0.8744984865188599,
    0.9287324547767639,
    0.8669800162315369,
    0.886923611164093,
    0.8985328078269958,
    0.8685969114303589,
    0.837113618850708,
    0.8416292667388916,
    0.8622013330459595,
    0.8788363933563232,
    0.9433342814445496,
    0.9715531468391418,
    0.9650841355323792,
    0.9859885573387146,
    0.9578675627708435,
    0.9076431393623352,
    0.9044716954231262,
    0.9587607383728027,
    0.9759343862533569,
    0.9518587589263916,
    0.9765848517417908,
    0.9471675753593445,
    0.9999999403953552,
    0.6710384488105774,
    0.4899226129055023,
    0.854741632938385,
    0.8634065389633179,
    0.9390242695808411,
    0.8381309509277344,
    0.9449316263198853,
    0.9316927194595337,
    0.8927300572395325,
    0.8221121430397034,
    0.9202815294265747,
    0.8458062410354614,
    0.8527830839157104,
    0.844751238822937
  ],
  "predicted_matches": [
    {
      "A_index": 0,
      "A_xt_id": 130,
      "pred_B_index": null,
      "pred_B_xt_id": null,
      "similarity": 0.6737582087516785,
      "is_null": true
    },
    {
      "A_index": 1,
      "A_xt_id": 132,
      "pred_B_index": null,
      "pred_B_xt_id": null,
      "similarity": 0.7008915543556213,
      "is_null": true
    },
    {
      "A_index": 2,
      "A_xt_id": 139,
      "pred_B_index": null,
      "pred_B_xt_id": null,
      "similarity": 0.5475603342056274,
      "is_null": true
    },
    {
      "A_index": 3,
      "A_xt_id": 149,
      "pred_B_index": 0,
      "pred_B_xt_id": 149,
      "similarity": 0.8045921921730042,
      "is_null": false
    },
    {
      "A_index": 4,
      "A_xt_id": 150,
      "pred_B_index": 1,
      "pred_B_xt_id": 150,
      "similarity": 0.7940177321434021,
      "is_null": false
    },
    {
      "A_index": 5,
      "A_xt_id": 151,
      "pred_B_index": 2,
      "pred_B_xt_id": 151,
      "similarity": 0.9126681089401245,
      "is_null": false
    },
    {
      "A_index": 6,
      "A_xt_id": 152,
      "pred_B_index": 3,
      "pred_B_xt_id": 152,
      "similarity": 0.8309992551803589,
      "is_null": false
    },
    {
      "A_index": 7,
      "A_xt_id": 153,
      "pred_B_index": 4,
      "pred_B_xt_id": 153,
      "similarity": 0.8279070258140564,
      "is_null": false
    },
    {
      "A_index": 8,
      "A_xt_id": 154,
      "pred_B_index": 5,
      "pred_B_xt_id": 154,
      "similarity": 0.7823583483695984,
      "is_null": false
    },
    {
      "A_index": 9,
      "A_xt_id": 155,
      "pred_B_index": 6,
      "pred_B_xt_id": 155,
      "similarity": 1.000000238418579,
      "is_null": false
    },
    {
      "A_index": 10,
      "A_xt_id": 204,
      "pred_B_index": 8,
      "pred_B_xt_id": 204,
      "similarity": 0.9926016926765442,
      "is_null": false
    },
    {
      "A_index": 11,
      "A_xt_id": 216,
      "pred_B_index": null,
      "pred_B_xt_id": null,
      "similarity": 0.8744984865188599,
      "is_null": true
    },
    {
      "A_index": 12,
      "A_xt_id": 217,
      "pred_B_index": null,
      "pred_B_xt_id": null,
      "similarity": 0.9287324547767639,
      "is_null": true
    },
    {
      "A_index": 13,
      "A_xt_id": 222,
      "pred_B_index": null,
      "pred_B_xt_id": null,
      "similarity": 0.8669800162315369,
      "is_null": true
    },
    {
      "A_index": 14,
      "A_xt_id": 225,
      "pred_B_index": null,
      "pred_B_xt_id": null,
      "similarity": 0.886923611164093,
      "is_null": true
    },
    {
      "A_index": 15,
      "A_xt_id": 228,
      "pred_B_index": 9,
      "pred_B_xt_id": 228,
      "similarity": 0.8985328078269958,
      "is_null": false
    },
    {
      "A_index": 16,
      "A_xt_id": 229,
      "pred_B_index": 10,
      "pred_B_xt_id": 229,
      "similarity": 0.8685969114303589,
      "is_null": false
    },
    {
      "A_index": 17,
      "A_xt_id": 230,
      "pred_B_index": 11,
      "pred_B_xt_id": 230,
      "similarity": 0.837113618850708,
      "is_null": false
    },
    {
      "A_index": 18,
      "A_xt_id": 231,
      "pred_B_index": 12,
      "pred_B_xt_id": 231,
      "similarity": 0.8416292667388916,
      "is_null": false
    },
    {
      "A_index": 19,
      "A_xt_id": 232,
      "pred_B_index": 13,
      "pred_B_xt_id": 232,
      "similarity": 0.8622013330459595,
      "is_null": false
    },
    {
      "A_index": 20,
      "A_xt_id": 233,
      "pred_B_index": 14,
      "pred_B_xt_id": 233,
      "similarity": 0.8788363933563232,
      "is_null": false
    },
    {
      "A_index": 21,
      "A_xt_id": 303,
      "pred_B_index": 27,
      "pred_B_xt_id": 303,
      "similarity": 0.9433342814445496,
      "is_null": false
    },
    {
      "A_index": 22,
      "A_xt_id": 304,
      "pred_B_index": 28,
      "pred_B_xt_id": 304,
      "similarity": 0.9715531468391418,
      "is_null": false
    },
    {
      "A_index": 23,
      "A_xt_id": 305,
      "pred_B_index": 29,
      "pred_B_xt_id": 305,
      "similarity": 0.9650841355323792,
      "is_null": false
    },
    {
      "A_index": 24,
      "A_xt_id": 306,
      "pred_B_index": 30,
      "pred_B_xt_id": 306,
      "similarity": 0.9859885573387146,
      "is_null": false
    },
    {
      "A_index": 25,
      "A_xt_id": 307,
      "pred_B_index": 31,
      "pred_B_xt_id": 307,
      "similarity": 0.9578675627708435,
      "is_null": false
    },
    {
      "A_index": 26,
      "A_xt_id": 308,
      "pred_B_index": 32,
      "pred_B_xt_id": 308,
      "similarity": 0.9076431393623352,
      "is_null": false
    },
    {
      "A_index": 27,
      "A_xt_id": 309,
      "pred_B_index": 33,
      "pred_B_xt_id": 309,
      "similarity": 0.9044716954231262,
      "is_null": false
    },
    {
      "A_index": 28,
      "A_xt_id": 310,
      "pred_B_index": 34,
      "pred_B_xt_id": 310,
      "similarity": 0.9587607383728027,
      "is_null": false
    },
    {
      "A_index": 29,
      "A_xt_id": 311,
      "pred_B_index": 35,
      "pred_B_xt_id": 311,
      "similarity": 0.9759343862533569,
      "is_null": false
    },
    {
      "A_index": 30,
      "A_xt_id": 312,
      "pred_B_index": 36,
      "pred_B_xt_id": 312,
      "similarity": 0.9518587589263916,
      "is_null": false
    },
    {
      "A_index": 31,
      "A_xt_id": 313,
      "pred_B_index": 37,
      "pred_B_xt_id": 313,
      "similarity": 0.9765848517417908,
      "is_null": false
    },
    {
      "A_index": 32,
      "A_xt_id": 314,
      "pred_B_index": 38,
      "pred_B_xt_id": 314,