{
  "model_id": "84",
  "hungarian_used": true,
  "metric_details": {
    "top1_accuracy": 0.9375,
    "top5_accuracy": 1.0,
    "null_f1": 0.983606557376517,
    "unified_accuracy": 0.9782608695652174,
    "null_threshold": 0.7355133792480747,
    "TP": 30,
    "FP": 1,
    "FN": 0,
    "total_faces": 46,
    "structural_edge_consistency": 1.0
  },
  "A_ids": [
    134,
    135,
    141,
    143,
    148,
    149,
    150,
    151,
    152,
    153,
    154,
    175,
    181,
    190,
    193,
    196,
    199,
    200,
    209,
    210,
    211,
    212,
    229,
    230,
    231,
    232,
    233,
    234,
    235,
    236,
    237,
    238,
    239,
    240,
    271,
    272,
    273,
    274,
    275,
    276,
    277,
    278,
    279,
    280,
    281,
    282
  ],
  "B_ids": [
    134,
    135,
    141,
    143,
    148,
    149,
    150,
    151,
    152,
    153,
    154,
    175,
    181,
    190,
    193,
    196
  ],
  "max_similarity_per_A": [
    1.0,
    1.0,
    0.7423041462898254,
    0.9846662282943726,
    0.883577823638916,
    0.9013841152191162,
    0.8196183443069458,
    0.8810163140296936,
    0.8528075218200684,
    0.8780993819236755,
    0.8180983066558838,
    1.0,
    0.7363742589950562,
    1.0,
    0.8717293739318848,
    0.7323613166809082,
    0.3480347692966461,
    0.3938549757003784,
    0.3076625466346741,
    0.3723270893096924,
    0.4056360423564911,
    0.23192329704761505,
    0.29675376415252686,
    0.41775012016296387,
    0.24095740914344788,
    0.4254744052886963,
    0.22094881534576416,
    0.40333837270736694,
    0.2758978307247162,
    0.3892844319343567,
    0.5149287581443787,
    0.3262130916118622,
    0.21855667233467102,
    0.3547641336917877,
    0.30210092663764954,
    0.2994379997253418,
    0.2355826050043106,
    0.32876548171043396,
    0.25882118940353394,
    0.3661171793937683,
    0.25556373596191406,
    0.36058250069618225,
    0.32655835151672363,
    0.4382914900779724,
    0.4067537486553192,
    0.24352532625198364
  ],
  "predicted_matches": [
    {
      "A_index": 0,
      "A_xt_id": 134,
      "pred_B_index": 0,
      "pred_B_xt_id": 134,
      "similarity": 1.0,
      "is_null": false
    },
    {
      "A_index": 1,
      "A_xt_id": 135,
      "pred_B_index": 1,
      "pred_B_xt_id": 135,
      "similarity": 1.0,
      "is_null": false
    },
    {
      "A_index": 2,
      "A_xt_id": 141,
      "pred_B_index": 2,
      "pred_B_xt_id": 141,
      "similarity": 0.7423041462898254,
      "is_null": false
    },
    {
      "A_index": 3,
      "A_xt_id": 143,
      "pred_B_index": 3,
      "pred_B_xt_id": 143,
      "similarity": 0.9846662282943726,
      "is_null": false
    },
    {
      "A_index": 4,
      "A_xt_id": 148,
      "pred_B_index": 4,
      "pred_B_xt_id": 148,
      "similarity": 0.883577823638916,
      "is_null": false
    },
    {
      "A_index": 5,
      "A_xt_id": 149,
      "pred_B_index": 5,
      "pred_B_xt_id": 149,
      "similarity": 0.9013841152191162,
      "is_null": false
    },
    {
      "A_index": 6,
      "A_xt_id": 150,
      "pred_B_index": 6,
      "pred_B_xt_id": 150,
      "similarity": 0.8196183443069458,
      "is_null": false
    },
    {
      "A_index": 7,
      "A_xt_id": 151,
      "pred_B_index": 7,
      "pred_B_xt_id": 151,
      "similarity": 0.8810163140296936,
      "is_null": false
    },
    {
      "A_index": 8,
      "A_xt_id": 152,
      "pred_B_index": 8,
      "pred_B_xt_id": 152,
      "similarity": 0.8528075218200684,
      "is_null": false
    },
    {
      "A_index": 9,
      "A_xt_id": 153,
      "pred_B_index": 9,
      "pred_B_xt_id": 153,
      "similarity": 0.8780993819236755,
      "is_null": false
    },
    {
      "A_index": 10,
      "A_xt_id": 154,
      "pred_B_index": 10,
      "pred_B_xt_id": 154,
      "similarity": 0.8180983066558838,
      "is_null": false
    },
    {
      "A_index": 11,
      "A_xt_id": 175,
      "pred_B_index": 11,
      "pred_B_xt_id": 175,
      "similarity": 1.0,
      "is_null": false
    },
    {
      "A_index": 12,
      "A_xt_id": 181,
      "pred_B_index": 12,
      "pred_B_xt_id": 181,
      "similarity": 0.7363742589950562,
      "is_null": false
    },
    {
      "A_index": 13,
      "A_xt_id": 190,
      "pred_B_index": 13,
      "pred_B_xt_id": 190,
      "similarity": 1.0,
      "is_null": false
    },
    {
      "A_index": 14,
      "A_xt_id": 193,
      "pred_B_index": 14,
      "pred_B_xt_id": 193,
      "similarity": 0.8717293739318848,
      "is_null": false
    },
    {
      "A_index": 15,
      "A_xt_id": 196,
      "pred_B_index": null,
      "pred_B_xt_id": null,
      "similarity": 0.7323613166809082,
      "is_null": true
    },
    {
      "A_index": 16,
      "A_xt_id": 199,
      "pred_B_index": null,
      "pred_B_xt_id": null,
      "similarity": 0.3480347692966461,
      "is_null": true
    },
    {
      "A_index": 17,
      "A_xt_id": 200,
      "pred_B_index": null,
      "pred_B_xt_id": null,
      "similarity": 0.3938549757003784,
      "is_null": true
    },
    {
      "A_index": 18,
      "A_xt_id": 209,
      "pred_B_index": null,
      "pred_B_xt_id": null,
      "similarity": 0.3076625466346741,
      "is_null": true
    },
    {
      "A_index": 19,
      "A_xt_id": 210,
      "pred_B_index": null,
      "pred_B_xt_id": null,
      "similarity": 0.3723270893096924,
      "is_null": true
    },
    {
      "A_index": 20,
      "A_xt_id": 211,
      "pred_B_index": null,
      "pred_B_xt_id": null,
      "similarity": 0.4056360423564911,
      "is_null": true
    },
    {
      "A_index": 21,
      "A_xt_id": 212,
      "pred_B_index": null,
      "pred_B_xt_id": null,
      "similarity": 0.23192329704761505,
      "is_null": true
    },
    {
      "A_index": 22,
      "A_xt_id": 229,
      "pred_B_index": null,
      "pred_B_xt_id": null,
      "similarity": 0.29675376415252686,
      "is_null": true
    },
    {
      "A_index": 23,
      "A_xt_id": 230,
      "pred_B_index": null,
      "pred_B_xt_id": null,
      "similarity": 0.41775012016296387,
      "is_null": true
    },
    {
      "A_index": 24,
      "A_xt_id": 231,
      "pred_B_index": null,
      "pred_B_xt_id": null,
      "similarity": 0.24095740914344788,
      "is_null": true
    },
    {
      "A_index": 25,
      "A_xt_id": 232,
      "pred_B_index": null,
      "pred_B_xt_id": null,
      "similarity": 0.4254744052886963,
      "is_null": true
    },
    {
      "A_index": 26,
      "A_xt_id": 233,
      "pred_B_index": null,
      "pred_B_xt_id": null,
      "similarity": 0.22094881534576416,
      "is_null": true
    },
    {
      "A_index": 27,
      "A_xt_id": 234,
      "pred_B_index": null,
      "pred_B_xt_id": null,
      "similarity": 0.40333837270736694,
      "is_null": true
    },
    {
      "A_index": 28,
      "A_xt_id": 235,
      "pred_B_index": null,
      "pred_B_xt_id": null,
      "similarity": 0.2758978307247162,
      "is_null": true
    },
    {
      "A_index": 29,
      "A_xt_id": 236,
      "pred_B_index": null,
      "pred_B_xt_id": null,
      "similarity": 0.3892844319343567,
      "is_null": true
    },
    {
      "A_index": 30,
      "A_xt_id": 237,
      "pred_B_index": null,
      "pred_B_xt_id": null,
      "similarity": 0.5149287581443787,
      "is_null": true
    },
    {
      "A_index": 31,
      "A_xt_id": 238,
      "pred_B_index": null,
      "pred_B_xt_id": null,
      "similarity": 0.3262130916118622,
      "is_null": true
    },
    {
      "A_index": 32,
      "A_xt_id": 239,
      "pred_B_index": null,
      "pred_B_xt_id": null,
      "similarity": 0.21855667233467102,
      "is_null": true
    },
    {
      "A_index": 33,
      "A_xt_id": 240,
      "pred_B_index": null,
      "pred_B_xt_id": null,
      "similarity": 0.3547641336917877,
      "is_null": true
    },
    {
      "A_index": 34,
      "A_xt_id": 271,
      "pred_B_index": null,
      "pred_B_xt_id": null,