{
  "model_id": "9",
  "hungarian_used": true,
  "metric_details": {
    "top1_accuracy": 1.0,
    "top5_accuracy": 1.0,
    "null_f1": 0.0,
    "unified_accuracy": 1.0,
    "null_threshold": 0.741270332384585,
    "TP": 0,
    "FP": 0,
    "FN": 0,
    "total_faces": 4,
    "structural_edge_consistency": 0.5
  },
  "A_ids": [
    368,
    369,
    370,
    381
  ],
  "B_ids": [
    368,
    369,
    370,
    381,
    586,
    612
  ],
  "max_similarity_per_A": [
    0.9484205842018127,
    0.951448917388916,
    0.9107973575592041,
    0.8587032556533813
  ],
  "predicted_matches": [
    {
      "A_index": 0,
      "A_xt_id": 368,
      "pred_B_index": 0,
      "pred_B_xt_id": 368,
      "similarity": 0.9484205842018127,
      "is_null": false
    },
    {
      "A_index": 1,
      "A_xt_id": 369,
      "pred_B_index": 1,
      "pred_B_xt_id": 369,
      "similarity": 0.951448917388916,
      "is_null": false
    },
    {
      "A_index": 2,
      "A_xt_id": 370,
      "pred_B_index": 2,
      "pred_B_xt_id": 370,
      "similarity": 0.9107973575592041,
      "is_null": false
    },
    {
      "A_index": 3,
      "A_xt_id": 381,
      "pred_B_index": 3,
      "pred_B_xt_id": 381,
      "similarity": 0.8587032556533813,
      "is_null": false
    }
  ]
}