{
  "model_id": "1",
  "hungarian_used": true,
  "metric_details": {
    "top1_accuracy": 1.0,
    "top5_accuracy": 1.0,
    "null_f1": 0.9999999999994686,
    "unified_accuracy": 1.0,
    "null_threshold": 0.7355133792480747,
    "TP": 32,
    "FP": 0,
    "FN": 0,
    "total_faces": 67,
    "structural_edge_consistency": 1.0
  },
  "A_ids": [
    366,
    367,
    368,
    369,
    370,
    371,
    372,
    373,
    393,
    394,
    395,
    396,
    397,
    398,
    399,
    400,
    427,
    428,
    429,
    430,
    432,
    452,
    453,
    454,
    455,
    456,
    457,
    470,
    471,
    472,
    473,
    474,
    475,
    476,
    477,
    478,
    479,
    480,
    481,
    482,
    483,
    484,
    485,
    486,
    487,
    488,
    489,
    542,
    543,
    544,
    545,
    562,
    567,
    572,
    577,
    582,
    583,
    592,
    593,
    614,
    704,
    814,
    913,
    1049,
    1050,
    1059,
    1060
  ],
  "B_ids": [
    427,
    428,
    429,
    430,
    432,
    452,
    453,
    454,
    455,
    456,
    457,
    470,
    471,
    472,
    473,
    474,
    475,
    476,
    477,
    478,
    479,
    480,
    481,
    482,
    483,
    484,
    485,
    486,
    487,
    488,
    489,
    542,
    543,
    544,
    545
  ],
  "max_similarity_per_A": [
    0.5541903376579285,
    0.5519037246704102,
    0.5374771952629089,
    0.43314334750175476,
    0.5141280293464661,
    0.45708218216896057,
    0.4089386761188507,
    0.37996962666511536,
    0.49027901887893677,
    0.40188536047935486,
    0.36618298292160034,
    0.49482545256614685,
    0.39960673451423645,
    0.48204582929611206,
    0.37955397367477417,
    0.3297019302845001,
    0.872422993183136,
    0.9691956043243408,
    0.8329408764839172,
    0.9772531986236572,
    0.9960722327232361,
    0.9999989867210388,
    0.9999958276748657,
    0.9999987483024597,
    0.9999957084655762,
    0.9999998211860657,
    0.9992255568504333,
    0.9232813715934753,
    0.9627882242202759,
    0.9657736420631409,
    0.9641559720039368,
    0.9909552931785583,
    0.9040861129760742,
    0.9684574007987976,
    0.9941213726997375,
    0.9841852784156799,
    0.8783679604530334,
    0.9955276846885681,
    0.9823100566864014,
    0.9929417967796326,
    0.9827444553375244,
    0.9627800583839417,
    0.8990159034729004,
    0.9914095997810364,
    0.9603689312934875,
    0.9140517115592957,
    0.8337859511375427,
    0.9999948740005493,
    0.9999885559082031,
    0.9999951124191284,
    0.9999976754188538,
    0.33400002121925354,
    0.42512246966362,
    0.48608919978141785,
    0.3758823275566101,
    0.387447327375412,
    0.3780433237552643,
    0.5052057504653931,
    0.4896441400051117,
    0.4698309302330017,
    0.4955005347728729,
    0.5043266415596008,
    0.5076398849487305,
    0.38721388578414917,
    0.5181432366371155,
    0.5386990308761597,
    0.3777872622013092
  ],
  "predicted_matches": [
    {
      "A_index": 0,
      "A_xt_id": 366,
      "pred_B_index": null,
      "pred_B_xt_id": null,
      "similarity": 0.5541903376579285,
      "is_null": true
    },
    {
      "A_index": 1,
      "A_xt_id": 367,
      "pred_B_index": null,
      "pred_B_xt_id": null,
      "similarity": 0.5519037246704102,
      "is_null": true
    },
    {
      "A_index": 2,
      "A_xt_id": 368,
      "pred_B_index": null,
      "pred_B_xt_id": null,
      "similarity": 0.5374771952629089,
      "is_null": true
    },
    {
      "A_index": 3,
      "A_xt_id": 369,
      "pred_B_index": null,
      "pred_B_xt_id": null,
      "similarity": 0.43314334750175476,
      "is_null": true
    },
    {
      "A_index": 4,
      "A_xt_id": 370,
      "pred_B_index": null,
      "pred_B_xt_id": null,
      "similarity": 0.5141280293464661,
      "is_null": true
    },
    {
      "A_index": 5,
      "A_xt_id": 371,
      "pred_B_index": null,
      "pred_B_xt_id": null,
      "similarity": 0.45708218216896057,
      "is_null": true
    },
    {
      "A_index": 6,
      "A_xt_id": 372,
      "pred_B_index": null,
      "pred_B_xt_id": null,
      "similarity": 0.4089386761188507,
      "is_null": true
    },
    {
      "A_index": 7,
      "A_xt_id": 373,
      "pred_B_index": null,
      "pred_B_xt_id": null,
      "similarity": 0.37996962666511536,
      "is_null": true
    },
    {
      "A_index": 8,
      "A_xt_id": 393,
      "pred_B_index": null,
      "pred_B_xt_id": null,
      "similarity": 0.49027901887893677,
      "is_null": true
    },
    {
      "A_index": 9,
      "A_xt_id": 394,
      "pred_B_index": null,
      "pred_B_xt_id": null,
      "similarity": 0.40188536047935486,
      "is_null": true
    },
    {
      "A_index": 10,
      "A_xt_id": 395,
      "pred_B_index": null,
      "pred_B_xt_id": null,
      "similarity": 0.36618298292160034,
      "is_null": true
    },
    {
      "A_index": 11,
      "A_xt_id": 396,
      "pred_B_index": null,
      "pred_B_xt_id": null,
      "similarity": 0.49482545256614685,
      "is_null": true
    },
    {
      "A_index": 12,
      "A_xt_id": 397,
      "pred_B_index": null,
      "pred_B_xt_id": null,
      "similarity": 0.39960673451423645,
      "is_null": true
    },
    {
      "A_index": 13,
      "A_xt_id": 398,
      "pred_B_index": null,
      "pred_B_xt_id": null,
      "similarity": 0.48204582929611206,
      "is_null": true
    },
    {
      "A_index": 14,
      "A_xt_id": 399,
      "pred_B_index": null,
      "pred_B_xt_id": null,
      "similarity": 0.37955397367477417,
      "is_null": true
    },
    {
      "A_index": 15,
      "A_xt_id": 400,
      "pred_B_index": null,
      "pred_B_xt_id": null,
      "similarity": 0.3297019302845001,
      "is_null": true
    },
    {
      "A_index": 16,
      "A_xt_id": 427,
      "pred_B_index": 0,
      "pred_B_xt_id": 427,
      "similarity": 0.872422993183136,
      "is_null": false
    },
    {
      "A_index": 17,
      "A_xt_id": 428,
      "pred_B_index": 1,
      "pred_B_xt_id": 428,
      "similarity": 0.9691956043243408,
      "is_null": false
    },
    {
      "A_index": 18,
      "A_xt_id": 429,
      "pred_B_index": 2,
      "pred_B_xt_id": 429,
      "similarity": 0.8329408764839172,
      "is_null": false
    },
    {
      "A_index": 19,
      "A_xt_id": 430,
      "pred_B_index": 3,
      "pred_B_xt_id": 430,
      "similarity": 0.9772531986236572,
      "is_null": false
    },
    {
      "A_index": 20,
      "A_xt_id": 432,
      "pred_B_index": 4,
      "pred_B_xt_id": 432,
      "similarity": 0.9960722327232361,
      "is_null": false
    },
    {
      "A_index": 21,
      "A_xt_id": 452,
      "pred_B_index": 5,
      "pred_B_xt_id": 452,
      "similarity": 0.9999989867210388,
      "is_null": false
    },
    {
      "A_index": 22,
      "A_xt_id": 453,
      "pred_B_index": 6,
      "pred_B_xt_id": 453,
      "similarity": 0.9999958276748657,
      "is_null": false
    },
    {
      "A_index": 23,
      "A_xt_id": 454,
      "pred_B_index": 7,
      "pred_B_xt_id": 454,
      "similarity": 0.9999987483024597,
      "is_null": false
    },
    {
      "A_index": 24,
      "A_xt_id": 455,
      "pred_B_index": 8,
      "pred_B_xt_id": 455,
      "similarity": 0.9999957084655762,
      "is_null": false
    },
    {
      "A_index": 25,
      "A_xt_id": 456,
      "pred_B_index": 9,
      "pred_B_xt_id": 456,
      "similarity": 0.9999998211860657,
      "is_null": false
    },
    {
      "A_index": 26,
      "A_xt_id": 457,
      "pred_B_index": 10,
      "pred_B_xt_id": 457,
      "similarity": 0.9992255568504333,
      "is_null": false
    },
    {
      "A_index": 27,
      "A_xt_id": 470,
      "pred_B_index": 11,
      "pred_B_xt_id": 470,
      "similarity": 0.9232813715934753,
      "is_null": false
    },
    {
      "A_index": 28,
      "A_xt_id": 471,
      "pred_B_index": 12,
      "pred_B_xt_id": 471,
      "similarity": 0.9627882242202759,
      "is_null": false
    },
    {
      "A_index": 29,