{
  "model_id": "88",
  "hungarian_used": true,
  "metric_details": {
    "top1_accuracy": 0.9428571462631226,
    "top5_accuracy": 1.0,
    "null_f1": 0.79999999999936,
    "unified_accuracy": 0.9487179487179487,
    "null_threshold": 0.7355133792480747,
    "TP": 4,
    "FP": 2,
    "FN": 0,
    "total_faces": 39,
    "structural_edge_consistency": 1.0
  },
  "A_ids": [
    58,
    60,
    80,
    83,
    84,
    85,
    86,
    87,
    88,
    90,
    110,
    111,
    112,
    123,
    124,
    132,
    170,
    173,
    179,
    180,
    191,
    192,
    193,
    209,
    210,
    211,
    212,
    213,
    214,
    215,
    216,
    217,
    218,
    219,
    220,
    259,
    260,
    265,
    268
  ],
  "B_ids": [
    58,
    60,
    80,
    83,
    84,
    85,
    86,
    87,
    88,
    90,
    110,
    111,
    112,
    123,
    124,
    132,
    170,
    173,
    179,
    180,
    191,
    192,
    193,
    209,
    210,
    211,
    212,
    213,
    214,
    215,
    216,
    217,
    218,
    219,
    220
  ],
  "max_similarity_per_A": [
    0.8125537037849426,
    0.7957523465156555,
    0.8981884121894836,
    0.904905378818512,
    0.8901054859161377,
    0.9073866009712219,
    0.9754274487495422,
    0.9622390866279602,
    0.9115334153175354,
    0.9861061573028564,
    0.9585782289505005,
    0.9148070812225342,
    0.9765552282333374,
    0.9817187190055847,
    0.973563551902771,
    0.9873473048210144,
    0.8787602186203003,
    0.9500113129615784,
    0.9023392200469971,
    0.9178541898727417,
    0.8912610411643982,
    0.906961977481842,
    0.9654935598373413,
    0.8206215500831604,
    0.8667265772819519,
    0.8411238193511963,
    0.843995213508606,
    0.683104932308197,
    0.7938379049301147,
    0.7587143778800964,
    0.6893959641456604,
    0.8167976140975952,
    0.9054514169692993,
    0.8455516695976257,
    0.9504638910293579,
    0.3137704133987427,
    0.33808740973472595,
    0.5947820544242859,
    0.5300827026367188
  ],
  "predicted_matches": [
    {
      "A_index": 0,
      "A_xt_id": 58,
      "pred_B_index": 0,
      "pred_B_xt_id": 58,
      "similarity": 0.8125537037849426,
      "is_null": false
    },
    {
      "A_index": 1,
      "A_xt_id": 60,
      "pred_B_index": 1,
      "pred_B_xt_id": 60,
      "similarity": 0.7957523465156555,
      "is_null": false
    },
    {
      "A_index": 2,
      "A_xt_id": 80,
      "pred_B_index": 2,
      "pred_B_xt_id": 80,
      "similarity": 0.8981884121894836,
      "is_null": false
    },
    {
      "A_index": 3,
      "A_xt_id": 83,
      "pred_B_index": 3,
      "pred_B_xt_id": 83,
      "similarity": 0.904905378818512,
      "is_null": false
    },
    {
      "A_index": 4,
      "A_xt_id": 84,
      "pred_B_index": 4,
      "pred_B_xt_id": 84,
      "similarity": 0.8901054859161377,
      "is_null": false
    },
    {
      "A_index": 5,
      "A_xt_id": 85,
      "pred_B_index": 5,
      "pred_B_xt_id": 85,
      "similarity": 0.9073866009712219,
      "is_null": false
    },
    {
      "A_index": 6,
      "A_xt_id": 86,
      "pred_B_index": 6,
      "pred_B_xt_id": 86,
      "similarity": 0.9754274487495422,
      "is_null": false
    },
    {
      "A_index": 7,
      "A_xt_id": 87,
      "pred_B_index": 7,
      "pred_B_xt_id": 87,
      "similarity": 0.9622390866279602,
      "is_null": false
    },
    {
      "A_index": 8,
      "A_xt_id": 88,
      "pred_B_index": 8,
      "pred_B_xt_id": 88,
      "similarity": 0.9115334153175354,
      "is_null": false
    },
    {
      "A_index": 9,
      "A_xt_id": 90,
      "pred_B_index": 9,
      "pred_B_xt_id": 90,
      "similarity": 0.9861061573028564,
      "is_null": false
    },
    {
      "A_index": 10,
      "A_xt_id": 110,
      "pred_B_index": 10,
      "pred_B_xt_id": 110,
      "similarity": 0.9585782289505005,
      "is_null": false
    },
    {
      "A_index": 11,
      "A_xt_id": 111,
      "pred_B_index": 11,
      "pred_B_xt_id": 111,
      "similarity": 0.9148070812225342,
      "is_null": false
    },
    {
      "A_index": 12,
      "A_xt_id": 112,
      "pred_B_index": 12,
      "pred_B_xt_id": 112,
      "similarity": 0.9765552282333374,
      "is_null": false
    },
    {
      "A_index": 13,
      "A_xt_id": 123,
      "pred_B_index": 13,
      "pred_B_xt_id": 123,
      "similarity": 0.9817187190055847,
      "is_null": false
    },
    {
      "A_index": 14,
      "A_xt_id": 124,
      "pred_B_index": 14,
      "pred_B_xt_id": 124,
      "similarity": 0.973563551902771,
      "is_null": false
    },
    {
      "A_index": 15,
      "A_xt_id": 132,
      "pred_B_index": 15,
      "pred_B_xt_id": 132,
      "similarity": 0.9873473048210144,
      "is_null": false
    },
    {
      "A_index": 16,
      "A_xt_id": 170,
      "pred_B_index": 16,
      "pred_B_xt_id": 170,
      "similarity": 0.8787602186203003,
      "is_null": false
    },
    {
      "A_index": 17,
      "A_xt_id": 173,
      "pred_B_index": 17,
      "pred_B_xt_id": 173,
      "similarity": 0.9500113129615784,
      "is_null": false
    },
    {
      "A_index": 18,
      "A_xt_id": 179,
      "pred_B_index": 18,
      "pred_B_xt_id": 179,
      "similarity": 0.9023392200469971,
      "is_null": false
    },
    {
      "A_index": 19,
      "A_xt_id": 180,
      "pred_B_index": 19,
      "pred_B_xt_id": 180,
      "similarity": 0.9178541898727417,
      "is_null": false
    },
    {
      "A_index": 20,
      "A_xt_id": 191,
      "pred_B_index": 20,
      "pred_B_xt_id": 191,
      "similarity": 0.8912610411643982,
      "is_null": false
    },
    {
      "A_index": 21,
      "A_xt_id": 192,
      "pred_B_index": 21,
      "pred_B_xt_id": 192,
      "similarity": 0.906961977481842,
      "is_null": false
    },
    {
      "A_index": 22,
      "A_xt_id": 193,
      "pred_B_index": 22,
      "pred_B_xt_id": 193,
      "similarity": 0.9654935598373413,
      "is_null": false
    },
    {
      "A_index": 23,
      "A_xt_id": 209,
      "pred_B_index": 23,
      "pred_B_xt_id": 209,
      "similarity": 0.8206215500831604,
      "is_null": false
    },
    {
      "A_index": 24,
      "A_xt_id": 210,
      "pred_B_index": 24,
      "pred_B_xt_id": 210,
      "similarity": 0.8667265772819519,
      "is_null": false
    },
    {
      "A_index": 25,
      "A_xt_id": 211,
      "pred_B_index": 25,
      "pred_B_xt_id": 211,
      "similarity": 0.8411238193511963,
      "is_null": false
    },
    {
      "A_index": 26,
      "A_xt_id": 212,
      "pred_B_index": 26,
      "pred_B_xt_id": 212,
      "similarity": 0.843995213508606,
      "is_null": false
    },
    {
      "A_index": 27,
      "A_xt_id": 213,
      "pred_B_index": null,
      "pred_B_xt_id": null,
      "similarity": 0.683104932308197,
      "is_null": true
    },
    {
      "A_index": 28,
      "A_xt_id": 214,
      "pred_B_index": 28,
      "pred_B_xt_id": 214,
      "similarity": 0.7938379049301147,
      "is_null": false
    },
    {
      "A_index": 29,
      "A_xt_id": 215,
      "pred_B_index": 29,
      "pred_B_xt_id": 215,
      "similarity": 0.7587143778800964,
      "is_null": false
    },
    {
      "A_index": 30,
      "A_xt_id": 216,
      "pred_B_index": null,
      "pred_B_xt_id": null,
      "similarity": 0.6893959641456604,
      "is_null": true
    },
    {
      "A_index": 31,
      "A_xt_id": 217,
      "pred_B_index": 31,
      "pred_B_xt_id": 217,
      "similarity": 0.8167976140975952,
      "is_null": false
    },
    {
      "A_index": 32,
      "A_xt_id": 218,
      "pred_B_index": 32,
      "pred_B_xt_id": 218,
      "similarity": 0.9054514169692993,
      "is_null": false
    },
    {
      "A_index": 33,
      "A_xt_id": 219,
      "pred_B_index": 33,
      "pred_B_xt_id": 219,
      "similarity": 0.8455516695976257,
      "is_null": false
    },
    {
      "A_index": 34,
      "A_xt_id": 220,
      "pred_B_index": 34,
      "pred_B_xt_id": 220,
      "similarity": 0.9504638910293579,