{
  "model_id": "108",
  "hungarian_used": true,
  "metric_details": {
    "top1_accuracy": 0.7272727489471436,
    "top5_accuracy": 0.9318181872367859,
    "null_f1": 0.7999999999994667,
    "unified_accuracy": 0.7857142857142857,
    "null_threshold": 0.7355133792480747,
    "TP": 12,
    "FP": 6,
    "FN": 0,
    "total_faces": 56,
    "structural_edge_consistency": 0.8202247191011236
  },
  "A_ids": [
    1115,
    1117,
    1121,
    1122,
    1123,
    1124,
    1125,
    1126,
    1127,
    1128,
    1129,
    1130,
    1131,
    1132,
    1133,
    1134,
    1172,
    1173,
    1174,
    1175,
    1176,
    1177,
    1178,
    1179,
    1180,
    1181,
    1182,
    1183,
    1184,
    1185,
    1186,
    1346,
    1347,
    1348,
    1394,
    1396,
    1748,
    1750,
    1753,
    1825,
    1827,
    1844,
    3687,
    3694,
    3697,
    3698,
    3699,
    3700,
    3701,
    3702,
    3703,
    3704,
    3705,
    3706,
    3707,
    3708
  ],
  "B_ids": [
    1115,
    1117,
    1121,
    1122,
    1123,
    1124,
    1125,
    1126,
    1127,
    1128,
    1129,
    1130,
    1131,
    1132,
    1133,
    1134,
    1172,
    1173,
    1174,
    1175,
    1176,
    1177,
    1178,
    1179,
    1180,
    1181,
    1182,
    1183,
    1184,
    1185,
    1186,
    1346,
    1347,
    1348,
    1394,
    1396,
    1748,
    1750,
    1753,
    1825,
    1827,
    1844,
    3687,
    3694
  ],
  "max_similarity_per_A": [
    0.8266586065292358,
    0.9258541464805603,
    0.8289097547531128,
    0.6080915331840515,
    0.9255903959274292,
    0.7427231669425964,
    0.809018075466156,
    0.6916676163673401,
    0.8074806928634644,
    0.6990535259246826,
    0.9173483848571777,
    0.6405825018882751,
    0.8334478139877319,
    0.7945432066917419,
    0.925489604473114,
    0.6131660342216492,
    0.994637131690979,
    0.9982742071151733,
    0.9999997615814209,
    0.9954684376716614,
    1.000000238418579,
    0.9964920878410339,
    0.993775486946106,
    0.9991047382354736,
    0.9999998211860657,
    0.9990875124931335,
    0.9957095384597778,
    0.9946122765541077,
    0.9968929886817932,
    0.9954503774642944,
    0.99399733543396,
    0.9829562306404114,
    0.9916839599609375,
    0.9942855834960938,
    0.9990707635879517,
    0.9979022741317749,
    0.9934873580932617,
    0.982980489730835,
    0.9806815981864929,
    0.997909426689148,
    0.9990779161453247,
    0.9624316096305847,
    0.9972043037414551,
    0.48635464906692505,
    0.41464710235595703,
    0.39803192019462585,
    0.4967310130596161,
    0.3207989037036896,
    0.38757020235061646,
    0.3330138921737671,
    0.5062471628189087,
    0.3252106308937073,
    0.4721705913543701,
    0.3868219256401062,
    0.47217050194740295,
    0.3980317711830139
  ],
  "predicted_matches": [
    {
      "A_index": 0,
      "A_xt_id": 1115,
      "pred_B_index": 0,
      "pred_B_xt_id": 1115,
      "similarity": 0.8266586065292358,
      "is_null": false
    },
    {
      "A_index": 1,
      "A_xt_id": 1117,
      "pred_B_index": 1,
      "pred_B_xt_id": 1117,
      "similarity": 0.9258541464805603,
      "is_null": false
    },
    {
      "A_index": 2,
      "A_xt_id": 1121,
      "pred_B_index": 2,
      "pred_B_xt_id": 1121,
      "similarity": 0.8289097547531128,
      "is_null": false
    },
    {
      "A_index": 3,
      "A_xt_id": 1122,
      "pred_B_index": null,
      "pred_B_xt_id": null,
      "similarity": 0.6080915331840515,
      "is_null": true
    },
    {
      "A_index": 4,
      "A_xt_id": 1123,
      "pred_B_index": 4,
      "pred_B_xt_id": 1123,
      "similarity": 0.9255903959274292,
      "is_null": false
    },
    {
      "A_index": 5,
      "A_xt_id": 1124,
      "pred_B_index": 27,
      "pred_B_xt_id": 1183,
      "similarity": 0.7427231669425964,
      "is_null": false
    },
    {
      "A_index": 6,
      "A_xt_id": 1125,
      "pred_B_index": 6,
      "pred_B_xt_id": 1125,
      "similarity": 0.809018075466156,
      "is_null": false
    },
    {
      "A_index": 7,
      "A_xt_id": 1126,
      "pred_B_index": null,
      "pred_B_xt_id": null,
      "similarity": 0.6916676163673401,
      "is_null": true
    },
    {
      "A_index": 8,
      "A_xt_id": 1127,
      "pred_B_index": 8,
      "pred_B_xt_id": 1127,
      "similarity": 0.8074806928634644,
      "is_null": false
    },
    {
      "A_index": 9,
      "A_xt_id": 1128,
      "pred_B_index": null,
      "pred_B_xt_id": null,
      "similarity": 0.6990535259246826,
      "is_null": true
    },
    {
      "A_index": 10,
      "A_xt_id": 1129,
      "pred_B_index": 10,
      "pred_B_xt_id": 1129,
      "similarity": 0.9173483848571777,
      "is_null": false
    },
    {
      "A_index": 11,
      "A_xt_id": 1130,
      "pred_B_index": null,
      "pred_B_xt_id": null,
      "similarity": 0.6405825018882751,
      "is_null": true
    },
    {
      "A_index": 12,
      "A_xt_id": 1131,
      "pred_B_index": 12,
      "pred_B_xt_id": 1131,
      "similarity": 0.8334478139877319,
      "is_null": false
    },
    {
      "A_index": 13,
      "A_xt_id": 1132,
      "pred_B_index": 28,
      "pred_B_xt_id": 1184,
      "similarity": 0.7945432066917419,
      "is_null": false
    },
    {
      "A_index": 14,
      "A_xt_id": 1133,
      "pred_B_index": 14,
      "pred_B_xt_id": 1133,
      "similarity": 0.925489604473114,
      "is_null": false
    },
    {
      "A_index": 15,
      "A_xt_id": 1134,
      "pred_B_index": null,
      "pred_B_xt_id": null,
      "similarity": 0.6131660342216492,
      "is_null": true
    },
    {
      "A_index": 16,
      "A_xt_id": 1172,
      "pred_B_index": 16,
      "pred_B_xt_id": 1172,
      "similarity": 0.994637131690979,
      "is_null": false
    },
    {
      "A_index": 17,
      "A_xt_id": 1173,
      "pred_B_index": 17,
      "pred_B_xt_id": 1173,
      "similarity": 0.9982742071151733,
      "is_null": false
    },
    {
      "A_index": 18,
      "A_xt_id": 1174,
      "pred_B_index": 18,
      "pred_B_xt_id": 1174,
      "similarity": 0.9999997615814209,
      "is_null": false
    },
    {
      "A_index": 19,
      "A_xt_id": 1175,
      "pred_B_index": 19,
      "pred_B_xt_id": 1175,
      "similarity": 0.9954684376716614,
      "is_null": false
    },
    {
      "A_index": 20,
      "A_xt_id": 1176,
      "pred_B_index": 20,
      "pred_B_xt_id": 1176,
      "similarity": 1.000000238418579,
      "is_null": false
    },
    {
      "A_index": 21,
      "A_xt_id": 1177,
      "pred_B_index": 3,
      "pred_B_xt_id": 1122,
      "similarity": 0.9964920878410339,
      "is_null": false
    },
    {
      "A_index": 22,
      "A_xt_id": 1178,
      "pred_B_index": 22,
      "pred_B_xt_id": 1178,
      "similarity": 0.993775486946106,
      "is_null": false
    },
    {
      "A_index": 23,
      "A_xt_id": 1179,
      "pred_B_index": 23,
      "pred_B_xt_id": 1179,
      "similarity": 0.9991047382354736,
      "is_null": false
    },
    {
      "A_index": 24,
      "A_xt_id": 1180,
      "pred_B_index": 24,
      "pred_B_xt_id": 1180,
      "similarity": 0.9999998211860657,
      "is_null": false
    },
    {
      "A_index": 25,
      "A_xt_id": 1181,
      "pred_B_index": 25,
      "pred_B_xt_id": 1181,
      "similarity": 0.9990875124931335,
      "is_null": false
    },
    {
      "A_index": 26,
      "A_xt_id": 1182,
      "pred_B_index": 11,
      "pred_B_xt_id": 1130,
      "similarity": 0.9957095384597778,
      "is_null": false
    },
    {
      "A_index": 27,
      "A_xt_id": 1183,
      "pred_B_index": 9,
      "pred_B_xt_id": 1128,
      "similarity": 0.9946122765541077,
      "is_null": false
    },
    {
      "A_index": 28,
      "A_xt_id": 1184,
      "pred_B_index": 13,
      "pred_B_xt_id": 1132,
      "similarity": 0.9968929886817932,
      "is_null": false
    },
    {
      "A_index": 29,
      "A_xt_id": 1185,
      "pred_B_index": 29,
      "pred_B_xt_id": 1185,
      "similarity": 0.9954503774642944,