{
  "model_id": "91",
  "hungarian_used": true,
  "metric_details": {
    "top1_accuracy": 0.9333333373069763,
    "top5_accuracy": 1.0,
    "null_f1": 0.983606557376517,
    "unified_accuracy": 0.9777777777777777,
    "null_threshold": 0.741270332384585,
    "TP": 30,
    "FP": 1,
    "FN": 0,
    "total_faces": 45,
    "structural_edge_consistency": 1.0
  },
  "A_ids": [
    334,
    335,
    336,
    337,
    338,
    339,
    340,
    362,
    364,
    369,
    370,
    374,
    382,
    407,
    410,
    413,
    418,
    419,
    420,
    421,
    422,
    443,
    444,
    445,
    446,
    447,
    448,
    449,
    450,
    451,
    452,
    453,
    454,
    485,
    486,
    487,
    488,
    489,
    490,
    491,
    492,
    493,
    494,
    495,
    496
  ],
  "B_ids": [
    334,
    335,
    336,
    337,
    338,
    339,
    340,
    362,
    364,
    369,
    370,
    374,
    382,
    407,
    410,
    1280,
    1282
  ],
  "max_similarity_per_A": [
    0.9129933714866638,
    0.926923394203186,
    0.8489062190055847,
    0.8231242895126343,
    0.8897826671600342,
    0.7328991293907166,
    0.8533650636672974,
    0.976715087890625,
    0.9999991059303284,
    1.0000001192092896,
    1.000000238418579,
    0.9999999403953552,
    0.9056565165519714,
    0.9999997615814209,
    0.8911667466163635,
    0.8908351063728333,
    0.8564997911453247,
    0.8760337233543396,
    0.8951054215431213,
    0.9298611879348755,
    0.9060459136962891,
    0.9129080772399902,
    0.8531563878059387,
    0.7630624771118164,
    0.8243317008018494,
    0.8483790755271912,
    0.782397449016571,
    0.8880376815795898,
    0.8340814113616943,
    0.640894889831543,
    0.8484745621681213,
    0.8541799783706665,
    0.8055079579353333,
    0.8910524845123291,
    0.8578856587409973,
    0.8706461787223816,
    0.9574034214019775,
    0.8269631862640381,
    0.8592934012413025,
    0.7186272144317627,
    0.8222398161888123,
    0.8888741135597229,
    0.832183837890625,
    0.8746001124382019,
    0.798958957195282
  ],
  "predicted_matches": [
    {
      "A_index": 0,
      "A_xt_id": 334,
      "pred_B_index": 0,
      "pred_B_xt_id": 334,
      "similarity": 0.9129933714866638,
      "is_null": false
    },
    {
      "A_index": 1,
      "A_xt_id": 335,
      "pred_B_index": 1,
      "pred_B_xt_id": 335,
      "similarity": 0.926923394203186,
      "is_null": false
    },
    {
      "A_index": 2,
      "A_xt_id": 336,
      "pred_B_index": 2,
      "pred_B_xt_id": 336,
      "similarity": 0.8489062190055847,
      "is_null": false
    },
    {
      "A_index": 3,
      "A_xt_id": 337,
      "pred_B_index": 3,
      "pred_B_xt_id": 337,
      "similarity": 0.8231242895126343,
      "is_null": false
    },
    {
      "A_index": 4,
      "A_xt_id": 338,
      "pred_B_index": 4,
      "pred_B_xt_id": 338,
      "similarity": 0.8897826671600342,
      "is_null": false
    },
    {
      "A_index": 5,
      "A_xt_id": 339,
      "pred_B_index": null,
      "pred_B_xt_id": null,
      "similarity": 0.7328991293907166,
      "is_null": true
    },
    {
      "A_index": 6,
      "A_xt_id": 340,
      "pred_B_index": 6,
      "pred_B_xt_id": 340,
      "similarity": 0.8533650636672974,
      "is_null": false
    },
    {
      "A_index": 7,
      "A_xt_id": 362,
      "pred_B_index": 7,
      "pred_B_xt_id": 362,
      "similarity": 0.976715087890625,
      "is_null": false
    },
    {
      "A_index": 8,
      "A_xt_id": 364,
      "pred_B_index": 8,
      "pred_B_xt_id": 364,
      "similarity": 0.9999991059303284,
      "is_null": false
    },
    {
      "A_index": 9,
      "A_xt_id": 369,
      "pred_B_index": 9,
      "pred_B_xt_id": 369,
      "similarity": 1.0000001192092896,
      "is_null": false
    },
    {
      "A_index": 10,
      "A_xt_id": 370,
      "pred_B_index": 10,
      "pred_B_xt_id": 370,
      "similarity": 1.000000238418579,
      "is_null": false
    },
    {
      "A_index": 11,
      "A_xt_id": 374,
      "pred_B_index": 11,
      "pred_B_xt_id": 374,
      "similarity": 0.9999999403953552,
      "is_null": false
    },
    {
      "A_index": 12,
      "A_xt_id": 382,
      "pred_B_index": 12,
      "pred_B_xt_id": 382,
      "similarity": 0.9056565165519714,
      "is_null": false
    },
    {
      "A_index": 13,
      "A_xt_id": 407,
      "pred_B_index": 13,
      "pred_B_xt_id": 407,
      "similarity": 0.9999997615814209,
      "is_null": false
    },
    {
      "A_index": 14,
      "A_xt_id": 410,
      "pred_B_index": 14,
      "pred_B_xt_id": 410,
      "similarity": 0.8911667466163635,
      "is_null": false
    },
    {
      "A_index": 15,
      "A_xt_id": 413,
      "pred_B_index": null,
      "pred_B_xt_id": null,
      "similarity": 0.8908351063728333,
      "is_null": true
    },
    {
      "A_index": 16,
      "A_xt_id": 418,
      "pred_B_index": null,
      "pred_B_xt_id": null,
      "similarity": 0.8564997911453247,
      "is_null": true
    },
    {
      "A_index": 17,
      "A_xt_id": 419,
      "pred_B_index": null,
      "pred_B_xt_id": null,
      "similarity": 0.8760337233543396,
      "is_null": true
    },
    {
      "A_index": 18,
      "A_xt_id": 420,
      "pred_B_index": null,
      "pred_B_xt_id": null,
      "similarity": 0.8951054215431213,
      "is_null": true
    },
    {
      "A_index": 19,
      "A_xt_id": 421,
      "pred_B_index": null,
      "pred_B_xt_id": null,
      "similarity": 0.9298611879348755,
      "is_null": true
    },
    {
      "A_index": 20,
      "A_xt_id": 422,
      "pred_B_index": null,
      "pred_B_xt_id": null,
      "similarity": 0.9060459136962891,
      "is_null": true
    },
    {
      "A_index": 21,
      "A_xt_id": 443,
      "pred_B_index": null,
      "pred_B_xt_id": null,
      "similarity": 0.9129080772399902,
      "is_null": true
    },
    {
      "A_index": 22,
      "A_xt_id": 444,
      "pred_B_index": null,
      "pred_B_xt_id": null,
      "similarity": 0.8531563878059387,
      "is_null": true
    },
    {
      "A_index": 23,
      "A_xt_id": 445,
      "pred_B_index": null,
      "pred_B_xt_id": null,
      "similarity": 0.7630624771118164,
      "is_null": true
    },
    {
      "A_index": 24,
      "A_xt_id": 446,
      "pred_B_index": null,
      "pred_B_xt_id": null,
      "similarity": 0.8243317008018494,
      "is_null": true
    },
    {
      "A_index": 25,
      "A_xt_id": 447,
      "pred_B_index": null,
      "pred_B_xt_id": null,
      "similarity": 0.8483790755271912,
      "is_null": true
    },
    {
      "A_index": 26,
      "A_xt_id": 448,
      "pred_B_index": null,
      "pred_B_xt_id": null,
      "similarity": 0.782397449016571,
      "is_null": true
    },
    {
      "A_index": 27,
      "A_xt_id": 449,
      "pred_B_index": null,
      "pred_B_xt_id": null,
      "similarity": 0.8880376815795898,
      "is_null": true
    },
    {
      "A_index": 28,
      "A_xt_id": 450,
      "pred_B_index": null,
      "pred_B_xt_id": null,
      "similarity": 0.8340814113616943,
      "is_null": true
    },
    {
      "A_index": 29,
      "A_xt_id": 451,
      "pred_B_index": null,
      "pred_B_xt_id": null,
      "similarity": 0.640894889831543,
      "is_null": true
    },
    {
      "A_index": 30,
      "A_xt_id": 452,
      "pred_B_index": null,
      "pred_B_xt_id": null,
      "similarity": 0.8484745621681213,
      "is_null": true
    },
    {
      "A_index": 31,
      "A_xt_id": 453,
      "pred_B_index": null,
      "pred_B_xt_id": null,
      "similarity": 0.8541799783706665,
      "is_null": true
    },
    {
      "A_index": 32,
      "A_xt_id": 454,
      "pred_B_index": null,
      "pred_B_xt_id": null,
      "similarity": 0.8055079579353333,
      "is_null": true
    },
    {
      "A_index": 33,
      "A_xt_id": 485,
      "pred_B_index": null,
      "pred_B_xt_id": null,
      "similarity": 0.8910524845123291,
      "is_null": true
    },
    {
      "A_index": 34,
      "A_xt_id": 486,