{
  "model_id": "9",
  "hungarian_used": true,
  "metric_details": {
    "top1_accuracy": 1.0,
    "top5_accuracy": 1.0,
    "null_f1": 0.0,
    "unified_accuracy": 1.0,
    "null_threshold": 0.7355133792480747,
    "TP": 0,
    "FP": 0,
    "FN": 0,
    "total_faces": 4,
    "structural_edge_consistency": 0.5
  },
  "A_ids": [
    368,
    369,
    370,
    381
  ],
  "B_ids": [
    368,
    369,
    370,
    381,
    586,
    612
  ],
  "max_similarity_per_A": [
    0.8697701692581177,
    0.8301956653594971,
    0.7785777449607849,
    0.8790956735610962
  ],
  "predicted_matches": [
    {
      "A_index": 0,
      "A_xt_id": 368,
      "pred_B_index": 0,
      "pred_B_xt_id": 368,
      "similarity": 0.8697701692581177,
      "is_null": false
    },
    {
      "A_index": 1,
      "A_xt_id": 369,
      "pred_B_index": 1,
      "pred_B_xt_id": 369,
      "similarity": 0.8301956653594971,
      "is_null": false
    },
    {
      "A_index": 2,
      "A_xt_id": 370,
      "pred_B_index": 2,
      "pred_B_xt_id": 370,
      "similarity": 0.7785777449607849,
      "is_null": false
    },
    {
      "A_index": 3,
      "A_xt_id": 381,
      "pred_B_index": 3,
      "pred_B_xt_id": 381,
      "similarity": 0.8790956735610962,
      "is_null": false
    }
  ]
}