{
  "model_id": "96",
  "hungarian_used": true,
  "metric_details": {
    "top1_accuracy": 1.0,
    "top5_accuracy": 1.0,
    "null_f1": 0.9999999999994584,
    "unified_accuracy": 1.0,
    "null_threshold": 0.741270332384585,
    "TP": 24,
    "FP": 0,
    "FN": 0,
    "total_faces": 53,
    "structural_edge_consistency": 1.0
  },
  "A_ids": [
    738,
    739,
    740,
    741,
    742,
    743,
    744,
    745,
    764,
    769,
    774,
    779,
    784,
    789,
    801,
    802,
    803,
    804,
    805,
    806,
    807,
    808,
    873,
    883,
    888,
    893,
    898,
    903,
    908,
    914,
    916,
    945,
    946,
    947,
    948,
    949,
    950,
    951,
    952,
    953,
    954,
    955,
    956,
    1269,
    1270,
    1271,
    1272,
    1273,
    1274,
    1275,
    1276,
    1277,
    1278
  ],
  "B_ids": [
    801,
    802,
    803,
    804,
    805,
    806,
    807,
    808,
    873,
    883,
    888,
    893,
    898,
    903,
    908,
    914,
    916,
    945,
    946,
    947,
    948,
    949,
    950,
    951,
    952,
    953,
    954,
    955,
    956
  ],
  "max_similarity_per_A": [
    0.4170769453048706,
    0.30511924624443054,
    0.27556049823760986,
    0.2839175760746002,
    0.2856091856956482,
    0.34896326065063477,
    0.19394464790821075,
    0.1930384337902069,
    0.21126677095890045,
    0.1389104723930359,
    0.17546811699867249,
    0.23471228778362274,
    0.20747019350528717,
    0.28470996022224426,
    0.9915803074836731,
    0.9177665114402771,
    0.9882044792175293,
    0.994205117225647,
    0.9895130395889282,
    0.9915212988853455,
    1.0,
    0.9105046987533569,
    0.9966834187507629,
    0.9880397915840149,
    0.9403691291809082,
    0.9503048062324524,
    0.9970289468765259,
    0.9920185208320618,
    0.9861243963241577,
    1.0000001192092896,
    1.0,
    0.8367457985877991,
    0.935621976852417,
    0.9328135251998901,
    0.8295474648475647,
    0.914720892906189,
    0.9289335608482361,
    0.8892503380775452,
    0.9246935844421387,
    0.9473257660865784,
    0.8710475564002991,
    0.8215838670730591,
    0.8857809901237488,
    0.3539734482765198,
    0.353755921125412,
    0.19220110774040222,
    0.18865777552127838,
    0.17840953171253204,
    0.3552507758140564,
    0.23948834836483002,
    0.25066569447517395,
    0.20428580045700073,
    0.2583737075328827
  ],
  "predicted_matches": [
    {
      "A_index": 0,
      "A_xt_id": 738,
      "pred_B_index": null,
      "pred_B_xt_id": null,
      "similarity": 0.4170769453048706,
      "is_null": true
    },
    {
      "A_index": 1,
      "A_xt_id": 739,
      "pred_B_index": null,
      "pred_B_xt_id": null,
      "similarity": 0.30511924624443054,
      "is_null": true
    },
    {
      "A_index": 2,
      "A_xt_id": 740,
      "pred_B_index": null,
      "pred_B_xt_id": null,
      "similarity": 0.27556049823760986,
      "is_null": true
    },
    {
      "A_index": 3,
      "A_xt_id": 741,
      "pred_B_index": null,
      "pred_B_xt_id": null,
      "similarity": 0.2839175760746002,
      "is_null": true
    },
    {
      "A_index": 4,
      "A_xt_id": 742,
      "pred_B_index": null,
      "pred_B_xt_id": null,
      "similarity": 0.2856091856956482,
      "is_null": true
    },
    {
      "A_index": 5,
      "A_xt_id": 743,
      "pred_B_index": null,
      "pred_B_xt_id": null,
      "similarity": 0.34896326065063477,
      "is_null": true
    },
    {
      "A_index": 6,
      "A_xt_id": 744,
      "pred_B_index": null,
      "pred_B_xt_id": null,
      "similarity": 0.19394464790821075,
      "is_null": true
    },
    {
      "A_index": 7,
      "A_xt_id": 745,
      "pred_B_index": null,
      "pred_B_xt_id": null,
      "similarity": 0.1930384337902069,
      "is_null": true
    },
    {
      "A_index": 8,
      "A_xt_id": 764,
      "pred_B_index": null,
      "pred_B_xt_id": null,
      "similarity": 0.21126677095890045,
      "is_null": true
    },
    {
      "A_index": 9,
      "A_xt_id": 769,
      "pred_B_index": null,
      "pred_B_xt_id": null,
      "similarity": 0.1389104723930359,
      "is_null": true
    },
    {
      "A_index": 10,
      "A_xt_id": 774,
      "pred_B_index": null,
      "pred_B_xt_id": null,
      "similarity": 0.17546811699867249,
      "is_null": true
    },
    {
      "A_index": 11,
      "A_xt_id": 779,
      "pred_B_index": null,
      "pred_B_xt_id": null,
      "similarity": 0.23471228778362274,
      "is_null": true
    },
    {
      "A_index": 12,
      "A_xt_id": 784,
      "pred_B_index": null,
      "pred_B_xt_id": null,
      "similarity": 0.20747019350528717,
      "is_null": true
    },
    {
      "A_index": 13,
      "A_xt_id": 789,
      "pred_B_index": null,
      "pred_B_xt_id": null,
      "similarity": 0.28470996022224426,
      "is_null": true
    },
    {
      "A_index": 14,
      "A_xt_id": 801,
      "pred_B_index": 0,
      "pred_B_xt_id": 801,
      "similarity": 0.9915803074836731,
      "is_null": false
    },
    {
      "A_index": 15,
      "A_xt_id": 802,
      "pred_B_index": 1,
      "pred_B_xt_id": 802,
      "similarity": 0.9177665114402771,
      "is_null": false
    },
    {
      "A_index": 16,
      "A_xt_id": 803,
      "pred_B_index": 2,
      "pred_B_xt_id": 803,
      "similarity": 0.9882044792175293,
      "is_null": false
    },
    {
      "A_index": 17,
      "A_xt_id": 804,
      "pred_B_index": 3,
      "pred_B_xt_id": 804,
      "similarity": 0.994205117225647,
      "is_null": false
    },
    {
      "A_index": 18,
      "A_xt_id": 805,
      "pred_B_index": 4,
      "pred_B_xt_id": 805,
      "similarity": 0.9895130395889282,
      "is_null": false
    },
    {
      "A_index": 19,
      "A_xt_id": 806,
      "pred_B_index": 5,
      "pred_B_xt_id": 806,
      "similarity": 0.9915212988853455,
      "is_null": false
    },
    {
      "A_index": 20,
      "A_xt_id": 807,
      "pred_B_index": 6,
      "pred_B_xt_id": 807,
      "similarity": 1.0,
      "is_null": false
    },
    {
      "A_index": 21,
      "A_xt_id": 808,
      "pred_B_index": 7,
      "pred_B_xt_id": 808,
      "similarity": 0.9105046987533569,
      "is_null": false
    },
    {
      "A_index": 22,
      "A_xt_id": 873,
      "pred_B_index": 8,
      "pred_B_xt_id": 873,
      "similarity": 0.9966834187507629,
      "is_null": false
    },
    {
      "A_index": 23,
      "A_xt_id": 883,
      "pred_B_index": 9,
      "pred_B_xt_id": 883,
      "similarity": 0.9880397915840149,
      "is_null": false
    },
    {
      "A_index": 24,
      "A_xt_id": 888,
      "pred_B_index": 10,
      "pred_B_xt_id": 888,
      "similarity": 0.9403691291809082,
      "is_null": false
    },
    {
      "A_index": 25,
      "A_xt_id": 893,
      "pred_B_index": 11,
      "pred_B_xt_id": 893,
      "similarity": 0.9503048062324524,
      "is_null": false
    },
    {
      "A_index": 26,
      "A_xt_id": 898,
      "pred_B_index": 12,
      "pred_B_xt_id": 898,
      "similarity": 0.9970289468765259,
      "is_null": false
    },
    {
      "A_index": 27,
      "A_xt_id": 903,
      "pred_B_index": 13,
      "pred_B_xt_id": 903,
      "similarity": 0.9920185208320618,
      "is_null": false
    },
    {
      "A_index": 28,
      "A_xt_id": 908,
      "pred_B_index": 14,
      "pred_B_xt_id": 908,
      "similarity": 0.9861243963241577,
      "is_null": false
    },
    {
      "A_index": 29,
      "A_xt_id": 914,
      "pred_B_index": 15,
      "pred_B_xt_id": 914,
      "similarity": 1.0000001192092896,
      "is_null": false
    },
    {
      "A_index": 30,
      "A_xt_id": 916,
      "pred_B_index": 16,
      "pred_B_xt_id": 916,
      "similarity": 1.0,
      "is_null": false
    },
    {
      "A_index": 31,
      "A_xt_id": 945,
      "pred_B_index": 17,
      "pred_B_xt_id": 945,
      "similarity": 0.8367457985877991,
      "is_null": false
    },
    {
      "A_index": 32,
      "A_xt_id": 946,
      "pred_B_index": 18,