{
  "model_id": "1",
  "hungarian_used": true,
  "metric_details": {
    "top1_accuracy": 1.0,
    "top5_accuracy": 1.0,
    "null_f1": 0.9999999999994686,
    "unified_accuracy": 1.0,
    "null_threshold": 0.741270332384585,
    "TP": 32,
    "FP": 0,
    "FN": 0,
    "total_faces": 67,
    "structural_edge_consistency": 1.0
  },
  "A_ids": [
    366,
    367,
    368,
    369,
    370,
    371,
    372,
    373,
    393,
    394,
    395,
    396,
    397,
    398,
    399,
    400,
    427,
    428,
    429,
    430,
    432,
    452,
    453,
    454,
    455,
    456,
    457,
    470,
    471,
    472,
    473,
    474,
    475,
    476,
    477,
    478,
    479,
    480,
    481,
    482,
    483,
    484,
    485,
    486,
    487,
    488,
    489,
    542,
    543,
    544,
    545,
    562,
    567,
    572,
    577,
    582,
    583,
    592,
    593,
    614,
    704,
    814,
    913,
    1049,
    1050,
    1059,
    1060
  ],
  "B_ids": [
    427,
    428,
    429,
    430,
    432,
    452,
    453,
    454,
    455,
    456,
    457,
    470,
    471,
    472,
    473,
    474,
    475,
    476,
    477,
    478,
    479,
    480,
    481,
    482,
    483,
    484,
    485,
    486,
    487,
    488,
    489,
    542,
    543,
    544,
    545
  ],
  "max_similarity_per_A": [
    0.35504695773124695,
    0.21447592973709106,
    0.38812506198883057,
    0.22145289182662964,
    0.19554103910923004,
    0.25849971175193787,
    0.27022120356559753,
    0.18344955146312714,
    0.22704985737800598,
    0.32864901423454285,
    0.21186450123786926,
    0.20390570163726807,
    0.22944708168506622,
    0.25502339005470276,
    0.33331310749053955,
    0.3111036717891693,
    0.9631921052932739,
    0.958108127117157,
    0.8325174450874329,
    0.9665122032165527,
    0.997038722038269,
    0.9999992251396179,
    0.9999998211860657,
    0.9999992847442627,
    0.999999463558197,
    0.9999999403953552,
    0.9997795224189758,
    0.983980119228363,
    0.9737102389335632,
    0.9405604600906372,
    0.9382243752479553,
    0.9968442320823669,
    0.9221616983413696,
    0.9905909895896912,
    0.9781268835067749,
    0.9670549631118774,
    0.9521358609199524,
    0.9936919808387756,
    0.9806551337242126,
    0.994757354259491,
    0.9840693473815918,
    0.9696956872940063,
    0.8879753351211548,
    0.9976871013641357,
    0.9680882096290588,
    0.9142929911613464,
    0.9268208146095276,
    0.9999992251396179,
    0.9999996423721313,
    0.9999977946281433,
    1.0,
    0.20694568753242493,
    0.2608739137649536,
    0.1735641360282898,
    0.2782643139362335,
    0.1683894544839859,
    0.28412720561027527,
    0.23299646377563477,
    0.15651944279670715,
    0.2370053231716156,
    0.26209786534309387,
    0.23250330984592438,
    0.2485176920890808,
    0.25354933738708496,
    0.2729959487915039,
    0.22661133110523224,
    0.29962092638015747
  ],
  "predicted_matches": [
    {
      "A_index": 0,
      "A_xt_id": 366,
      "pred_B_index": null,
      "pred_B_xt_id": null,
      "similarity": 0.35504695773124695,
      "is_null": true
    },
    {
      "A_index": 1,
      "A_xt_id": 367,
      "pred_B_index": null,
      "pred_B_xt_id": null,
      "similarity": 0.21447592973709106,
      "is_null": true
    },
    {
      "A_index": 2,
      "A_xt_id": 368,
      "pred_B_index": null,
      "pred_B_xt_id": null,
      "similarity": 0.38812506198883057,
      "is_null": true
    },
    {
      "A_index": 3,
      "A_xt_id": 369,
      "pred_B_index": null,
      "pred_B_xt_id": null,
      "similarity": 0.22145289182662964,
      "is_null": true
    },
    {
      "A_index": 4,
      "A_xt_id": 370,
      "pred_B_index": null,
      "pred_B_xt_id": null,
      "similarity": 0.19554103910923004,
      "is_null": true
    },
    {
      "A_index": 5,
      "A_xt_id": 371,
      "pred_B_index": null,
      "pred_B_xt_id": null,
      "similarity": 0.25849971175193787,
      "is_null": true
    },
    {
      "A_index": 6,
      "A_xt_id": 372,
      "pred_B_index": null,
      "pred_B_xt_id": null,
      "similarity": 0.27022120356559753,
      "is_null": true
    },
    {
      "A_index": 7,
      "A_xt_id": 373,
      "pred_B_index": null,
      "pred_B_xt_id": null,
      "similarity": 0.18344955146312714,
      "is_null": true
    },
    {
      "A_index": 8,
      "A_xt_id": 393,
      "pred_B_index": null,
      "pred_B_xt_id": null,
      "similarity": 0.22704985737800598,
      "is_null": true
    },
    {
      "A_index": 9,
      "A_xt_id": 394,
      "pred_B_index": null,
      "pred_B_xt_id": null,
      "similarity": 0.32864901423454285,
      "is_null": true
    },
    {
      "A_index": 10,
      "A_xt_id": 395,
      "pred_B_index": null,
      "pred_B_xt_id": null,
      "similarity": 0.21186450123786926,
      "is_null": true
    },
    {
      "A_index": 11,
      "A_xt_id": 396,
      "pred_B_index": null,
      "pred_B_xt_id": null,
      "similarity": 0.20390570163726807,
      "is_null": true
    },
    {
      "A_index": 12,
      "A_xt_id": 397,
      "pred_B_index": null,
      "pred_B_xt_id": null,
      "similarity": 0.22944708168506622,
      "is_null": true
    },
    {
      "A_index": 13,
      "A_xt_id": 398,
      "pred_B_index": null,
      "pred_B_xt_id": null,
      "similarity": 0.25502339005470276,
      "is_null": true
    },
    {
      "A_index": 14,
      "A_xt_id": 399,
      "pred_B_index": null,
      "pred_B_xt_id": null,
      "similarity": 0.33331310749053955,
      "is_null": true
    },
    {
      "A_index": 15,
      "A_xt_id": 400,
      "pred_B_index": null,
      "pred_B_xt_id": null,
      "similarity": 0.3111036717891693,
      "is_null": true
    },
    {
      "A_index": 16,
      "A_xt_id": 427,
      "pred_B_index": 0,
      "pred_B_xt_id": 427,
      "similarity": 0.9631921052932739,
      "is_null": false
    },
    {
      "A_index": 17,
      "A_xt_id": 428,
      "pred_B_index": 1,
      "pred_B_xt_id": 428,
      "similarity": 0.958108127117157,
      "is_null": false
    },
    {
      "A_index": 18,
      "A_xt_id": 429,
      "pred_B_index": 2,
      "pred_B_xt_id": 429,
      "similarity": 0.8325174450874329,
      "is_null": false
    },
    {
      "A_index": 19,
      "A_xt_id": 430,
      "pred_B_index": 3,
      "pred_B_xt_id": 430,
      "similarity": 0.9665122032165527,
      "is_null": false
    },
    {
      "A_index": 20,
      "A_xt_id": 432,
      "pred_B_index": 4,
      "pred_B_xt_id": 432,
      "similarity": 0.997038722038269,
      "is_null": false
    },
    {
      "A_index": 21,
      "A_xt_id": 452,
      "pred_B_index": 5,
      "pred_B_xt_id": 452,
      "similarity": 0.9999992251396179,
      "is_null": false
    },
    {
      "A_index": 22,
      "A_xt_id": 453,
      "pred_B_index": 6,
      "pred_B_xt_id": 453,
      "similarity": 0.9999998211860657,
      "is_null": false
    },
    {
      "A_index": 23,
      "A_xt_id": 454,
      "pred_B_index": 7,
      "pred_B_xt_id": 454,
      "similarity": 0.9999992847442627,
      "is_null": false
    },
    {
      "A_index": 24,
      "A_xt_id": 455,
      "pred_B_index": 8,
      "pred_B_xt_id": 455,
      "similarity": 0.999999463558197,
      "is_null": false
    },
    {
      "A_index": 25,
      "A_xt_id": 456,
      "pred_B_index": 9,
      "pred_B_xt_id": 456,
      "similarity": 0.9999999403953552,
      "is_null": false
    },
    {
      "A_index": 26,
      "A_xt_id": 457,
      "pred_B_index": 10,
      "pred_B_xt_id": 457,
      "similarity": 0.9997795224189758,
      "is_null": false
    },
    {
      "A_index": 27,
      "A_xt_id": 470,
      "pred_B_index": 11,
      "pred_B_xt_id": 470,
      "similarity": 0.983980119228363,
      "is_null": false
    },
    {
      "A_index": 28,
      "A_xt_id": 471,
      "pred_B_index": 12,
      "pred_B_xt_id": 471,
      "similarity": 0.9737102389335632,
      "is_null": false
    },
    {
      "A_index": 29,