{
  "model_id": "88",
  "hungarian_used": true,
  "metric_details": {
    "top1_accuracy": 1.0,
    "top5_accuracy": 1.0,
    "null_f1": 0.9999999999992499,
    "unified_accuracy": 1.0,
    "null_threshold": 0.741270332384585,
    "TP": 4,
    "FP": 0,
    "FN": 0,
    "total_faces": 39,
    "structural_edge_consistency": 1.0
  },
  "A_ids": [
    58,
    60,
    80,
    83,
    84,
    85,
    86,
    87,
    88,
    90,
    110,
    111,
    112,
    123,
    124,
    132,
    170,
    173,
    179,
    180,
    191,
    192,
    193,
    209,
    210,
    211,
    212,
    213,
    214,
    215,
    216,
    217,
    218,
    219,
    220,
    259,
    260,
    265,
    268
  ],
  "B_ids": [
    58,
    60,
    80,
    83,
    84,
    85,
    86,
    87,
    88,
    90,
    110,
    111,
    112,
    123,
    124,
    132,
    170,
    173,
    179,
    180,
    191,
    192,
    193,
    209,
    210,
    211,
    212,
    213,
    214,
    215,
    216,
    217,
    218,
    219,
    220
  ],
  "max_similarity_per_A": [
    0.8322303891181946,
    0.8901408910751343,
    0.945872962474823,
    0.8918638825416565,
    0.8629628419876099,
    0.9292893409729004,
    0.9572426080703735,
    0.8829073309898376,
    0.87570720911026,
    0.9990100860595703,
    0.9747901558876038,
    0.9608408212661743,
    0.9451624751091003,
    0.974329948425293,
    0.9922930002212524,
    0.9799903035163879,
    0.9641640186309814,
    0.9128386974334717,
    0.9468557834625244,
    0.9386575818061829,
    0.8156516551971436,
    0.9635670781135559,
    0.8990085124969482,
    0.8652187585830688,
    0.8084618449211121,
    0.8735970258712769,
    0.7611508965492249,
    0.8567765951156616,
    0.8489790558815002,
    0.8087922930717468,
    0.8377081751823425,
    0.8843758702278137,
    0.8799965381622314,
    0.8215320706367493,
    0.9200788736343384,
    0.4173550605773926,
    0.3482002913951874,
    0.3894810080528259,
    0.3532659411430359
  ],
  "predicted_matches": [
    {
      "A_index": 0,
      "A_xt_id": 58,
      "pred_B_index": 0,
      "pred_B_xt_id": 58,
      "similarity": 0.8322303891181946,
      "is_null": false
    },
    {
      "A_index": 1,
      "A_xt_id": 60,
      "pred_B_index": 1,
      "pred_B_xt_id": 60,
      "similarity": 0.8901408910751343,
      "is_null": false
    },
    {
      "A_index": 2,
      "A_xt_id": 80,
      "pred_B_index": 2,
      "pred_B_xt_id": 80,
      "similarity": 0.945872962474823,
      "is_null": false
    },
    {
      "A_index": 3,
      "A_xt_id": 83,
      "pred_B_index": 3,
      "pred_B_xt_id": 83,
      "similarity": 0.8918638825416565,
      "is_null": false
    },
    {
      "A_index": 4,
      "A_xt_id": 84,
      "pred_B_index": 4,
      "pred_B_xt_id": 84,
      "similarity": 0.8629628419876099,
      "is_null": false
    },
    {
      "A_index": 5,
      "A_xt_id": 85,
      "pred_B_index": 5,
      "pred_B_xt_id": 85,
      "similarity": 0.9292893409729004,
      "is_null": false
    },
    {
      "A_index": 6,
      "A_xt_id": 86,
      "pred_B_index": 6,
      "pred_B_xt_id": 86,
      "similarity": 0.9572426080703735,
      "is_null": false
    },
    {
      "A_index": 7,
      "A_xt_id": 87,
      "pred_B_index": 7,
      "pred_B_xt_id": 87,
      "similarity": 0.8829073309898376,
      "is_null": false
    },
    {
      "A_index": 8,
      "A_xt_id": 88,
      "pred_B_index": 8,
      "pred_B_xt_id": 88,
      "similarity": 0.87570720911026,
      "is_null": false
    },
    {
      "A_index": 9,
      "A_xt_id": 90,
      "pred_B_index": 9,
      "pred_B_xt_id": 90,
      "similarity": 0.9990100860595703,
      "is_null": false
    },
    {
      "A_index": 10,
      "A_xt_id": 110,
      "pred_B_index": 10,
      "pred_B_xt_id": 110,
      "similarity": 0.9747901558876038,
      "is_null": false
    },
    {
      "A_index": 11,
      "A_xt_id": 111,
      "pred_B_index": 11,
      "pred_B_xt_id": 111,
      "similarity": 0.9608408212661743,
      "is_null": false
    },
    {
      "A_index": 12,
      "A_xt_id": 112,
      "pred_B_index": 12,
      "pred_B_xt_id": 112,
      "similarity": 0.9451624751091003,
      "is_null": false
    },
    {
      "A_index": 13,
      "A_xt_id": 123,
      "pred_B_index": 13,
      "pred_B_xt_id": 123,
      "similarity": 0.974329948425293,
      "is_null": false
    },
    {
      "A_index": 14,
      "A_xt_id": 124,
      "pred_B_index": 14,
      "pred_B_xt_id": 124,
      "similarity": 0.9922930002212524,
      "is_null": false
    },
    {
      "A_index": 15,
      "A_xt_id": 132,
      "pred_B_index": 15,
      "pred_B_xt_id": 132,
      "similarity": 0.9799903035163879,
      "is_null": false
    },
    {
      "A_index": 16,
      "A_xt_id": 170,
      "pred_B_index": 16,
      "pred_B_xt_id": 170,
      "similarity": 0.9641640186309814,
      "is_null": false
    },
    {
      "A_index": 17,
      "A_xt_id": 173,
      "pred_B_index": 17,
      "pred_B_xt_id": 173,
      "similarity": 0.9128386974334717,
      "is_null": false
    },
    {
      "A_index": 18,
      "A_xt_id": 179,
      "pred_B_index": 18,
      "pred_B_xt_id": 179,
      "similarity": 0.9468557834625244,
      "is_null": false
    },
    {
      "A_index": 19,
      "A_xt_id": 180,
      "pred_B_index": 19,
      "pred_B_xt_id": 180,
      "similarity": 0.9386575818061829,
      "is_null": false
    },
    {
      "A_index": 20,
      "A_xt_id": 191,
      "pred_B_index": 20,
      "pred_B_xt_id": 191,
      "similarity": 0.8156516551971436,
      "is_null": false
    },
    {
      "A_index": 21,
      "A_xt_id": 192,
      "pred_B_index": 21,
      "pred_B_xt_id": 192,
      "similarity": 0.9635670781135559,
      "is_null": false
    },
    {
      "A_index": 22,
      "A_xt_id": 193,
      "pred_B_index": 22,
      "pred_B_xt_id": 193,
      "similarity": 0.8990085124969482,
      "is_null": false
    },
    {
      "A_index": 23,
      "A_xt_id": 209,
      "pred_B_index": 23,
      "pred_B_xt_id": 209,
      "similarity": 0.8652187585830688,
      "is_null": false
    },
    {
      "A_index": 24,
      "A_xt_id": 210,
      "pred_B_index": 24,
      "pred_B_xt_id": 210,
      "similarity": 0.8084618449211121,
      "is_null": false
    },
    {
      "A_index": 25,
      "A_xt_id": 211,
      "pred_B_index": 25,
      "pred_B_xt_id": 211,
      "similarity": 0.8735970258712769,
      "is_null": false
    },
    {
      "A_index": 26,
      "A_xt_id": 212,
      "pred_B_index": 26,
      "pred_B_xt_id": 212,
      "similarity": 0.7611508965492249,
      "is_null": false
    },
    {
      "A_index": 27,
      "A_xt_id": 213,
      "pred_B_index": 27,
      "pred_B_xt_id": 213,
      "similarity": 0.8567765951156616,
      "is_null": false
    },
    {
      "A_index": 28,
      "A_xt_id": 214,
      "pred_B_index": 28,
      "pred_B_xt_id": 214,
      "similarity": 0.8489790558815002,
      "is_null": false
    },
    {
      "A_index": 29,
      "A_xt_id": 215,
      "pred_B_index": 29,
      "pred_B_xt_id": 215,
      "similarity": 0.8087922930717468,
      "is_null": false
    },
    {
      "A_index": 30,
      "A_xt_id": 216,
      "pred_B_index": 30,
      "pred_B_xt_id": 216,
      "similarity": 0.8377081751823425,
      "is_null": false
    },
    {
      "A_index": 31,
      "A_xt_id": 217,
      "pred_B_index": 31,
      "pred_B_xt_id": 217,
      "similarity": 0.8843758702278137,
      "is_null": false
    },
    {
      "A_index": 32,
      "A_xt_id": 218,
      "pred_B_index": 32,
      "pred_B_xt_id": 218,
      "similarity": 0.8799965381622314,
      "is_null": false
    },
    {
      "A_index": 33,
      "A_xt_id": 219,
      "pred_B_index": 33,
      "pred_B_xt_id": 219,
      "similarity": 0.8215320706367493,
      "is_null": false
    },
    {
      "A_index": 34,
      "A_xt_id": 220,
      "pred_B_index": 34,
      "pred_B_xt_id": 220,
      "similarity": 0.9200788736343384,