{
  "model_id": "5",
  "hungarian_used": true,
  "metric_details": {
    "top1_accuracy": 1.0,
    "top5_accuracy": 1.0,
    "null_f1": 0.9999999999993572,
    "unified_accuracy": 1.0,
    "null_threshold": 0.741270332384585,
    "TP": 7,
    "FP": 0,
    "FN": 0,
    "total_faces": 51,
    "structural_edge_consistency": 0.9917355371900827
  },
  "A_ids": [
    657,
    658,
    659,
    660,
    661,
    662,
    663,
    664,
    665,
    666,
    693,
    695,
    697,
    699,
    700,
    726,
    727,
    728,
    734,
    735,
    736,
    737,
    738,
    739,
    740,
    741,
    743,
    781,
    782,
    783,
    784,
    785,
    786,
    787,
    788,
    821,
    822,
    823,
    824,
    825,
    826,
    827,
    828,
    864,
    913,
    914,
    915,
    922,
    923,
    924,
    925
  ],
  "B_ids": [
    657,
    658,
    659,
    660,
    661,
    662,
    663,
    664,
    665,
    666,
    693,
    695,
    697,
    699,
    700,
    726,
    727,
    728,
    734,
    735,
    736,
    737,
    738,
    739,
    740,
    741,
    743,
    781,
    782,
    783,
    784,
    785,
    786,
    787,
    788,
    821,
    822,
    823,
    824,
    825,
    826,
    827,
    828,
    864,
    2827,
    2839,
    2851,
    2863,
    2897
  ],
  "max_similarity_per_A": [
    0.9299139976501465,
    0.9461409449577332,
    0.9780821204185486,
    0.9694322347640991,
    0.9579169154167175,
    0.9632365107536316,
    0.9786958694458008,
    0.9345977306365967,
    0.9634132385253906,
    0.9716101884841919,
    0.8989144563674927,
    0.9276297688484192,
    0.9390535950660706,
    0.9666006565093994,
    0.8733172416687012,
    0.9594362378120422,
    0.8899859189987183,
    0.9670695662498474,
    0.9479947090148926,
    0.9886125326156616,
    0.9511149525642395,
    0.9486553072929382,
    0.9447222948074341,
    0.9698659777641296,
    0.9821247458457947,
    0.9766771197319031,
    0.8997511267662048,
    0.9535752534866333,
    0.9708629846572876,
    0.9751982092857361,
    0.9747623801231384,
    0.9575360417366028,
    0.949325680732727,
    0.9339737892150879,
    0.9363998174667358,
    0.9366759061813354,
    0.9499850869178772,
    0.9442845582962036,
    0.9066701531410217,
    0.9781755208969116,
    0.9739706516265869,
    0.9687513113021851,
    0.9786892533302307,
    0.8743703961372375,
    0.8130766153335571,
    0.8632016181945801,
    0.8773544430732727,
    0.9043080806732178,
    0.8681426644325256,
    0.7146689891815186,
    0.9108544588088989
  ],
  "predicted_matches": [
    {
      "A_index": 0,
      "A_xt_id": 657,
      "pred_B_index": 0,
      "pred_B_xt_id": 657,
      "similarity": 0.9299139976501465,
      "is_null": false
    },
    {
      "A_index": 1,
      "A_xt_id": 658,
      "pred_B_index": 1,
      "pred_B_xt_id": 658,
      "similarity": 0.9461409449577332,
      "is_null": false
    },
    {
      "A_index": 2,
      "A_xt_id": 659,
      "pred_B_index": 2,
      "pred_B_xt_id": 659,
      "similarity": 0.9780821204185486,
      "is_null": false
    },
    {
      "A_index": 3,
      "A_xt_id": 660,
      "pred_B_index": 3,
      "pred_B_xt_id": 660,
      "similarity": 0.9694322347640991,
      "is_null": false
    },
    {
      "A_index": 4,
      "A_xt_id": 661,
      "pred_B_index": 4,
      "pred_B_xt_id": 661,
      "similarity": 0.9579169154167175,
      "is_null": false
    },
    {
      "A_index": 5,
      "A_xt_id": 662,
      "pred_B_index": 5,
      "pred_B_xt_id": 662,
      "similarity": 0.9632365107536316,
      "is_null": false
    },
    {
      "A_index": 6,
      "A_xt_id": 663,
      "pred_B_index": 6,
      "pred_B_xt_id": 663,
      "similarity": 0.9786958694458008,
      "is_null": false
    },
    {
      "A_index": 7,
      "A_xt_id": 664,
      "pred_B_index": 7,
      "pred_B_xt_id": 664,
      "similarity": 0.9345977306365967,
      "is_null": false
    },
    {
      "A_index": 8,
      "A_xt_id": 665,
      "pred_B_index": 8,
      "pred_B_xt_id": 665,
      "similarity": 0.9634132385253906,
      "is_null": false
    },
    {
      "A_index": 9,
      "A_xt_id": 666,
      "pred_B_index": 9,
      "pred_B_xt_id": 666,
      "similarity": 0.9716101884841919,
      "is_null": false
    },
    {
      "A_index": 10,
      "A_xt_id": 693,
      "pred_B_index": 10,
      "pred_B_xt_id": 693,
      "similarity": 0.8989144563674927,
      "is_null": false
    },
    {
      "A_index": 11,
      "A_xt_id": 695,
      "pred_B_index": 11,
      "pred_B_xt_id": 695,
      "similarity": 0.9276297688484192,
      "is_null": false
    },
    {
      "A_index": 12,
      "A_xt_id": 697,
      "pred_B_index": 12,
      "pred_B_xt_id": 697,
      "similarity": 0.9390535950660706,
      "is_null": false
    },
    {
      "A_index": 13,
      "A_xt_id": 699,
      "pred_B_index": 13,
      "pred_B_xt_id": 699,
      "similarity": 0.9666006565093994,
      "is_null": false
    },
    {
      "A_index": 14,
      "A_xt_id": 700,
      "pred_B_index": 14,
      "pred_B_xt_id": 700,
      "similarity": 0.8733172416687012,
      "is_null": false
    },
    {
      "A_index": 15,
      "A_xt_id": 726,
      "pred_B_index": 15,
      "pred_B_xt_id": 726,
      "similarity": 0.9594362378120422,
      "is_null": false
    },
    {
      "A_index": 16,
      "A_xt_id": 727,
      "pred_B_index": 16,
      "pred_B_xt_id": 727,
      "similarity": 0.8899859189987183,
      "is_null": false
    },
    {
      "A_index": 17,
      "A_xt_id": 728,
      "pred_B_index": 17,
      "pred_B_xt_id": 728,
      "similarity": 0.9670695662498474,
      "is_null": false
    },
    {
      "A_index": 18,
      "A_xt_id": 734,
      "pred_B_index": 18,
      "pred_B_xt_id": 734,
      "similarity": 0.9479947090148926,
      "is_null": false
    },
    {
      "A_index": 19,
      "A_xt_id": 735,
      "pred_B_index": 19,
      "pred_B_xt_id": 735,
      "similarity": 0.9886125326156616,
      "is_null": false
    },
    {
      "A_index": 20,
      "A_xt_id": 736,
      "pred_B_index": 20,
      "pred_B_xt_id": 736,
      "similarity": 0.9511149525642395,
      "is_null": false
    },
    {
      "A_index": 21,
      "A_xt_id": 737,
      "pred_B_index": 21,
      "pred_B_xt_id": 737,
      "similarity": 0.9486553072929382,
      "is_null": false
    },
    {
      "A_index": 22,
      "A_xt_id": 738,
      "pred_B_index": 22,
      "pred_B_xt_id": 738,
      "similarity": 0.9447222948074341,
      "is_null": false
    },
    {
      "A_index": 23,
      "A_xt_id": 739,
      "pred_B_index": 23,
      "pred_B_xt_id": 739,
      "similarity": 0.9698659777641296,
      "is_null": false
    },
    {
      "A_index": 24,
      "A_xt_id": 740,
      "pred_B_index": 24,
      "pred_B_xt_id": 740,
      "similarity": 0.9821247458457947,
      "is_null": false
    },
    {
      "A_index": 25,
      "A_xt_id": 741,
      "pred_B_index": 25,
      "pred_B_xt_id": 741,
      "similarity": 0.9766771197319031,
      "is_null": false
    },
    {
      "A_index": 26,
      "A_xt_id": 743,
      "pred_B_index": 26,
      "pred_B_xt_id": 743,
      "similarity": 0.8997511267662048,
      "is_null": false
    },
    {
      "A_index": 27,
      "A_xt_id": 781,
      "pred_B_index": 27,
      "pred_B_xt_id": 781,
      "similarity": 0.9535752534866333,
      "is_null": false
    },
    {
      "A_index": 28,
      "A_xt_id": 782,
      "pred_B_index": 28,
      "pred_B_xt_id": 782,
      "similarity": 0.9708629846572876,
      "is_null": false
    },
    {
      "A_index": 29,
      "A_xt_id": 783,
      "pred_B_index": 29,
      "pred_B_xt_id": 783,
      "similarity": 0.9751982092857361,
      "is_null": false
    },
    {
      "A_index": 30,
      "A_xt_id": 784,
      "pred_B_index": 30,
      "pred_B_xt_id": 784,
      "similarity": 0.9747623801231384,
      "is_null": false
    },
    {
      "A_index": 31,
      "A_xt_id": 785,
      "pred_B_index": 31,
      "pred_B_xt_id": 785,