{
  "model_id": "55",
  "hungarian_used": true,
  "metric_details": {
    "top1_accuracy": 0.949999988079071,
    "top5_accuracy": 1.0,
    "null_f1": 0.9915966386549455,
    "unified_accuracy": 0.9873417721518988,
    "null_threshold": 0.7355133792480747,
    "TP": 59,
    "FP": 1,
    "FN": 0,
    "total_faces": 79,
    "structural_edge_consistency": 1.0
  },
  "A_ids": [
    444,
    445,
    446,
    447,
    448,
    449,
    450,
    451,
    480,
    486,
    492,
    493,
    494,
    495,
    496,
    515,
    516,
    517,
    518,
    519,
    566,
    670,
    671,
    673,
    674,
    3058,
    3064,
    3070,
    3076,
    3082,
    3088,
    3094,
    3102,
    3110,
    3116,
    3128,
    3134,
    3140,
    3146,
    3152,
    3158,
    3164,
    3170,
    3178,
    3186,
    3192,
    3204,
    3210,
    3216,
    3222,
    3228,
    3234,
    3240,
    3246,
    3254,
    3262,
    3268,
    3280,
    3286,
    3292,
    3298,
    3304,
    3310,
    3316,
    3322,
    3330,
    3338,
    3344,
    3356,
    3362,
    3376,
    3382,
    3388,
    3400,
    3412,
    3418,
    3424,
    3436,
    3448
  ],
  "B_ids": [
    444,
    445,
    446,
    447,
    448,
    449,
    450,
    451,
    480,
    486,
    492,
    493,
    494,
    495,
    496,
    515,
    516,
    517,
    518,
    519
  ],
  "max_similarity_per_A": [
    0.9803287386894226,
    0.9681723713874817,
    0.9891422390937805,
    0.9862204194068909,
    0.9797238111495972,
    0.9875656366348267,
    0.7939698696136475,
    0.47782328724861145,
    0.9679959416389465,
    0.8982468843460083,
    0.9529890418052673,
    0.955642819404602,
    0.9164028167724609,
    0.9283145666122437,
    0.950765073299408,
    0.9635719656944275,
    0.9814993143081665,
    0.9665224552154541,
    0.9716164469718933,
    0.9330487251281738,
    0.36794817447662354,
    0.2445603758096695,
    0.30389344692230225,
    0.32485589385032654,
    0.33439064025878906,
    0.2684025764465332,
    0.3993431031703949,
    0.37113580107688904,
    0.4501548707485199,
    0.3883284032344818,
    0.3117985725402832,
    0.23722068965435028,
    0.3843960762023926,
    0.3266204297542572,
    0.2608943283557892,
    0.30486762523651123,
    0.2798406481742859,
    0.4128739833831787,
    0.3422545790672302,
    0.4427783787250519,
    0.44491904973983765,
    0.3651716113090515,
    0.24122284352779388,
    0.3868459165096283,
    0.2543635666370392,
    0.22452954947948456,
    0.3334130346775055,
    0.30198460817337036,
    0.3372431695461273,
    0.36489424109458923,
    0.3606812059879303,
    0.300901859998703,
    0.2634780704975128,
    0.35633936524391174,
    0.4172390103340149,
    0.42079320549964905,
    0.2677469253540039,
    0.339888334274292,
    0.2802864611148834,
    0.3763148784637451,
    0.3805578052997589,
    0.3034067451953888,
    0.2860296368598938,
    0.3195432126522064,
    0.2559061348438263,
    0.4353337287902832,
    0.2786089777946472,
    0.24991478025913239,
    0.3759080171585083,
    0.2838752567768097,
    0.3773067891597748,
    0.30306994915008545,
    0.464054673910141,
    0.4104728400707245,
    0.4423113763332367,
    0.2870792746543884,
    0.3844934403896332,
    0.4291325807571411,
    0.3125172555446625
  ],
  "predicted_matches": [
    {
      "A_index": 0,
      "A_xt_id": 444,
      "pred_B_index": 0,
      "pred_B_xt_id": 444,
      "similarity": 0.9803287386894226,
      "is_null": false
    },
    {
      "A_index": 1,
      "A_xt_id": 445,
      "pred_B_index": 1,
      "pred_B_xt_id": 445,
      "similarity": 0.9681723713874817,
      "is_null": false
    },
    {
      "A_index": 2,
      "A_xt_id": 446,
      "pred_B_index": 2,
      "pred_B_xt_id": 446,
      "similarity": 0.9891422390937805,
      "is_null": false
    },
    {
      "A_index": 3,
      "A_xt_id": 447,
      "pred_B_index": 3,
      "pred_B_xt_id": 447,
      "similarity": 0.9862204194068909,
      "is_null": false
    },
    {
      "A_index": 4,
      "A_xt_id": 448,
      "pred_B_index": 4,
      "pred_B_xt_id": 448,
      "similarity": 0.9797238111495972,
      "is_null": false
    },
    {
      "A_index": 5,
      "A_xt_id": 449,
      "pred_B_index": 5,
      "pred_B_xt_id": 449,
      "similarity": 0.9875656366348267,
      "is_null": false
    },
    {
      "A_index": 6,
      "A_xt_id": 450,
      "pred_B_index": 6,
      "pred_B_xt_id": 450,
      "similarity": 0.7939698696136475,
      "is_null": false
    },
    {
      "A_index": 7,
      "A_xt_id": 451,
      "pred_B_index": null,
      "pred_B_xt_id": null,
      "similarity": 0.47782328724861145,
      "is_null": true
    },
    {
      "A_index": 8,
      "A_xt_id": 480,
      "pred_B_index": 8,
      "pred_B_xt_id": 480,
      "similarity": 0.9679959416389465,
      "is_null": false
    },
    {
      "A_index": 9,
      "A_xt_id": 486,
      "pred_B_index": 9,
      "pred_B_xt_id": 486,
      "similarity": 0.8982468843460083,
      "is_null": false
    },
    {
      "A_index": 10,
      "A_xt_id": 492,
      "pred_B_index": 10,
      "pred_B_xt_id": 492,
      "similarity": 0.9529890418052673,
      "is_null": false
    },
    {
      "A_index": 11,
      "A_xt_id": 493,
      "pred_B_index": 11,
      "pred_B_xt_id": 493,
      "similarity": 0.955642819404602,
      "is_null": false
    },
    {
      "A_index": 12,
      "A_xt_id": 494,
      "pred_B_index": 12,
      "pred_B_xt_id": 494,
      "similarity": 0.9164028167724609,
      "is_null": false
    },
    {
      "A_index": 13,
      "A_xt_id": 495,
      "pred_B_index": 13,
      "pred_B_xt_id": 495,
      "similarity": 0.9283145666122437,
      "is_null": false
    },
    {
      "A_index": 14,
      "A_xt_id": 496,
      "pred_B_index": 14,
      "pred_B_xt_id": 496,
      "similarity": 0.950765073299408,
      "is_null": false
    },
    {
      "A_index": 15,
      "A_xt_id": 515,
      "pred_B_index": 15,
      "pred_B_xt_id": 515,
      "similarity": 0.9635719656944275,
      "is_null": false
    },
    {
      "A_index": 16,
      "A_xt_id": 516,
      "pred_B_index": 16,
      "pred_B_xt_id": 516,
      "similarity": 0.9814993143081665,
      "is_null": false
    },
    {
      "A_index": 17,
      "A_xt_id": 517,
      "pred_B_index": 17,
      "pred_B_xt_id": 517,
      "similarity": 0.9665224552154541,
      "is_null": false
    },
    {
      "A_index": 18,
      "A_xt_id": 518,
      "pred_B_index": 18,
      "pred_B_xt_id": 518,
      "similarity": 0.9716164469718933,
      "is_null": false
    },
    {
      "A_index": 19,
      "A_xt_id": 519,
      "pred_B_index": 19,
      "pred_B_xt_id": 519,
      "similarity": 0.9330487251281738,
      "is_null": false
    },
    {
      "A_index": 20,
      "A_xt_id": 566,
      "pred_B_index": null,
      "pred_B_xt_id": null,
      "similarity": 0.36794817447662354,
      "is_null": true
    },
    {
      "A_index": 21,
      "A_xt_id": 670,
      "pred_B_index": null,
      "pred_B_xt_id": null,
      "similarity": 0.2445603758096695,
      "is_null": true
    },
    {
      "A_index": 22,
      "A_xt_id": 671,
      "pred_B_index": null,
      "pred_B_xt_id": null,
      "similarity": 0.30389344692230225,
      "is_null": true
    },
    {
      "A_index": 23,
      "A_xt_id": 673,
      "pred_B_index": null,
      "pred_B_xt_id": null,
      "similarity": 0.32485589385032654,
      "is_null": true
    },
    {
      "A_index": 24,
      "A_xt_id": 674,
      "pred_B_index": null,
      "pred_B_xt_id": null,
      "similarity": 0.33439064025878906,
      "is_null": true
    },
    {
      "A_index": 25,
      "A_xt_id": 3058,
      "pred_B_index": null,
      "pred_B_xt_id": null,
      "similarity": 0.2684025764465332,
      "is_null": true
    },
    {
      "A_index": 26,
      "A_xt_id": 3064,
      "pred_B_index": null,
      "pred_B_xt_id": null,
      "similarity": 0.3993431031703949,
      "is_null": true
    },
    {
      "A_index": 27,