{
  "model_id": "108",
  "hungarian_used": true,
  "metric_details": {
    "top1_accuracy": 0.6818181872367859,
    "top5_accuracy": 1.0,
    "null_f1": 0.8571428571423062,
    "unified_accuracy": 0.75,
    "null_threshold": 0.741270332384585,
    "TP": 12,
    "FP": 4,
    "FN": 0,
    "total_faces": 56,
    "structural_edge_consistency": 0.8494623655913979
  },
  "A_ids": [
    1115,
    1117,
    1121,
    1122,
    1123,
    1124,
    1125,
    1126,
    1127,
    1128,
    1129,
    1130,
    1131,
    1132,
    1133,
    1134,
    1172,
    1173,
    1174,
    1175,
    1176,
    1177,
    1178,
    1179,
    1180,
    1181,
    1182,
    1183,
    1184,
    1185,
    1186,
    1346,
    1347,
    1348,
    1394,
    1396,
    1748,
    1750,
    1753,
    1825,
    1827,
    1844,
    3687,
    3694,
    3697,
    3698,
    3699,
    3700,
    3701,
    3702,
    3703,
    3704,
    3705,
    3706,
    3707,
    3708
  ],
  "B_ids": [
    1115,
    1117,
    1121,
    1122,
    1123,
    1124,
    1125,
    1126,
    1127,
    1128,
    1129,
    1130,
    1131,
    1132,
    1133,
    1134,
    1172,
    1173,
    1174,
    1175,
    1176,
    1177,
    1178,
    1179,
    1180,
    1181,
    1182,
    1183,
    1184,
    1185,
    1186,
    1346,
    1347,
    1348,
    1394,
    1396,
    1748,
    1750,
    1753,
    1825,
    1827,
    1844,
    3687,
    3694
  ],
  "max_similarity_per_A": [
    0.9761424660682678,
    0.9999657273292542,
    0.864237368106842,
    0.8521633148193359,
    0.9182933568954468,
    0.771264910697937,
    0.831495463848114,
    0.8601827621459961,
    0.6889222264289856,
    0.6832607984542847,
    0.857739269733429,
    0.7771425247192383,
    0.6755468249320984,
    0.951983630657196,
    0.9897480010986328,
    0.8283292651176453,
    0.999760627746582,
    0.9998474717140198,
    0.9999997615814209,
    0.9989982843399048,
    0.9999999403953552,
    0.9989205002784729,
    0.9995248913764954,
    0.9995265007019043,
    1.0,
    0.9995175004005432,
    0.9985368251800537,
    0.9995738863945007,
    0.9996781945228577,
    0.9997721910476685,
    0.999027669429779,
    0.9990639090538025,
    0.997938334941864,
    0.9983199238777161,
    0.9997130632400513,
    0.9998761415481567,
    0.9990684390068054,
    0.99757981300354,
    0.994732677936554,
    0.9991719722747803,
    0.9992431402206421,
    0.9779853224754333,
    1.000000238418579,
    0.7224599123001099,
    0.39467060565948486,
    0.6167436242103577,
    0.4614182710647583,
    0.6376526355743408,
    0.41458573937416077,
    0.6467816233634949,
    0.4475971758365631,
    0.28003835678100586,
    0.6376869082450867,
    0.6085937023162842,
    0.5461249351501465,
    0.5344604253768921
  ],
  "predicted_matches": [
    {
      "A_index": 0,
      "A_xt_id": 1115,
      "pred_B_index": 0,
      "pred_B_xt_id": 1115,
      "similarity": 0.9761424660682678,
      "is_null": false
    },
    {
      "A_index": 1,
      "A_xt_id": 1117,
      "pred_B_index": 1,
      "pred_B_xt_id": 1117,
      "similarity": 0.9999657273292542,
      "is_null": false
    },
    {
      "A_index": 2,
      "A_xt_id": 1121,
      "pred_B_index": 25,
      "pred_B_xt_id": 1181,
      "similarity": 0.864237368106842,
      "is_null": false
    },
    {
      "A_index": 3,
      "A_xt_id": 1122,
      "pred_B_index": 3,
      "pred_B_xt_id": 1122,
      "similarity": 0.8521633148193359,
      "is_null": false
    },
    {
      "A_index": 4,
      "A_xt_id": 1123,
      "pred_B_index": 4,
      "pred_B_xt_id": 1123,
      "similarity": 0.9182933568954468,
      "is_null": false
    },
    {
      "A_index": 5,
      "A_xt_id": 1124,
      "pred_B_index": 5,
      "pred_B_xt_id": 1124,
      "similarity": 0.771264910697937,
      "is_null": false
    },
    {
      "A_index": 6,
      "A_xt_id": 1125,
      "pred_B_index": 29,
      "pred_B_xt_id": 1185,
      "similarity": 0.831495463848114,
      "is_null": false
    },
    {
      "A_index": 7,
      "A_xt_id": 1126,
      "pred_B_index": 17,
      "pred_B_xt_id": 1173,
      "similarity": 0.8601827621459961,
      "is_null": false
    },
    {
      "A_index": 8,
      "A_xt_id": 1127,
      "pred_B_index": null,
      "pred_B_xt_id": null,
      "similarity": 0.6889222264289856,
      "is_null": true
    },
    {
      "A_index": 9,
      "A_xt_id": 1128,
      "pred_B_index": null,
      "pred_B_xt_id": null,
      "similarity": 0.6832607984542847,
      "is_null": true
    },
    {
      "A_index": 10,
      "A_xt_id": 1129,
      "pred_B_index": 10,
      "pred_B_xt_id": 1129,
      "similarity": 0.857739269733429,
      "is_null": false
    },
    {
      "A_index": 11,
      "A_xt_id": 1130,
      "pred_B_index": 26,
      "pred_B_xt_id": 1182,
      "similarity": 0.7771425247192383,
      "is_null": false
    },
    {
      "A_index": 12,
      "A_xt_id": 1131,
      "pred_B_index": null,
      "pred_B_xt_id": null,
      "similarity": 0.6755468249320984,
      "is_null": true
    },
    {
      "A_index": 13,
      "A_xt_id": 1132,
      "pred_B_index": 28,
      "pred_B_xt_id": 1184,
      "similarity": 0.951983630657196,
      "is_null": false
    },
    {
      "A_index": 14,
      "A_xt_id": 1133,
      "pred_B_index": 14,
      "pred_B_xt_id": 1133,
      "similarity": 0.9897480010986328,
      "is_null": false
    },
    {
      "A_index": 15,
      "A_xt_id": 1134,
      "pred_B_index": 15,
      "pred_B_xt_id": 1134,
      "similarity": 0.8283292651176453,
      "is_null": false
    },
    {
      "A_index": 16,
      "A_xt_id": 1172,
      "pred_B_index": 16,
      "pred_B_xt_id": 1172,
      "similarity": 0.999760627746582,
      "is_null": false
    },
    {
      "A_index": 17,
      "A_xt_id": 1173,
      "pred_B_index": 7,
      "pred_B_xt_id": 1126,
      "similarity": 0.9998474717140198,
      "is_null": false
    },
    {
      "A_index": 18,
      "A_xt_id": 1174,
      "pred_B_index": 18,
      "pred_B_xt_id": 1174,
      "similarity": 0.9999997615814209,
      "is_null": false
    },
    {
      "A_index": 19,
      "A_xt_id": 1175,
      "pred_B_index": 19,
      "pred_B_xt_id": 1175,
      "similarity": 0.9989982843399048,
      "is_null": false
    },
    {
      "A_index": 20,
      "A_xt_id": 1176,
      "pred_B_index": 20,
      "pred_B_xt_id": 1176,
      "similarity": 0.9999999403953552,
      "is_null": false
    },
    {
      "A_index": 21,
      "A_xt_id": 1177,
      "pred_B_index": 21,
      "pred_B_xt_id": 1177,
      "similarity": 0.9989205002784729,
      "is_null": false
    },
    {
      "A_index": 22,
      "A_xt_id": 1178,
      "pred_B_index": 22,
      "pred_B_xt_id": 1178,
      "similarity": 0.9995248913764954,
      "is_null": false
    },
    {
      "A_index": 23,
      "A_xt_id": 1179,
      "pred_B_index": 23,
      "pred_B_xt_id": 1179,
      "similarity": 0.9995265007019043,
      "is_null": false
    },
    {
      "A_index": 24,
      "A_xt_id": 1180,
      "pred_B_index": 24,
      "pred_B_xt_id": 1180,
      "similarity": 1.0,
      "is_null": false
    },
    {
      "A_index": 25,
      "A_xt_id": 1181,
      "pred_B_index": 2,
      "pred_B_xt_id": 1121,
      "similarity": 0.9995175004005432,
      "is_null": false
    },
    {
      "A_index": 26,
      "A_xt_id": 1182,
      "pred_B_index": 11,
      "pred_B_xt_id": 1130,
      "similarity": 0.9985368251800537,
      "is_null": false
    },
    {
      "A_index": 27,
      "A_xt_id": 1183,
      "pred_B_index": 27,
      "pred_B_xt_id": 1183,
      "similarity": 0.9995738863945007,
      "is_null": false
    },
    {
      "A_index": 28,
      "A_xt_id": 1184,
      "pred_B_index": 13,
      "pred_B_xt_id": 1132,
      "similarity": 0.9996781945228577,
      "is_null": false
    },
    {
      "A_index": 29,
      "A_xt_id": 1185,
      "pred_B_index": 8,
      "pred_B_xt_id": 1127,
      "similarity": 0.9997721910476685,
      "is_null": false
    },
    {
      "A_index": 30,