{
  "model_id": "84",
  "hungarian_used": true,
  "metric_details": {
    "top1_accuracy": 1.0,
    "top5_accuracy": 1.0,
    "null_f1": 0.9999999999994666,
    "unified_accuracy": 1.0,
    "null_threshold": 0.741270332384585,
    "TP": 30,
    "FP": 0,
    "FN": 0,
    "total_faces": 46,
    "structural_edge_consistency": 1.0
  },
  "A_ids": [
    134,
    135,
    141,
    143,
    148,
    149,
    150,
    151,
    152,
    153,
    154,
    175,
    181,
    190,
    193,
    196,
    199,
    200,
    209,
    210,
    211,
    212,
    229,
    230,
    231,
    232,
    233,
    234,
    235,
    236,
    237,
    238,
    239,
    240,
    271,
    272,
    273,
    274,
    275,
    276,
    277,
    278,
    279,
    280,
    281,
    282
  ],
  "B_ids": [
    134,
    135,
    141,
    143,
    148,
    149,
    150,
    151,
    152,
    153,
    154,
    175,
    181,
    190,
    193,
    196
  ],
  "max_similarity_per_A": [
    0.9999999403953552,
    1.0000001192092896,
    0.9881323575973511,
    0.9999999403953552,
    0.8921132683753967,
    0.8245583772659302,
    0.759981632232666,
    0.8047201633453369,
    0.8576366901397705,
    0.8069626092910767,
    0.8961758017539978,
    0.9999999403953552,
    0.8155152201652527,
    0.9999999403953552,
    0.9999999403953552,
    0.8869304656982422,
    0.3176156282424927,
    0.36516648530960083,
    0.4205751121044159,
    0.3795858919620514,
    0.5173039436340332,
    0.403578519821167,
    0.46208202838897705,
    0.2613171935081482,
    0.5156779885292053,
    0.22704336047172546,
    0.3751717507839203,
    0.36818867921829224,
    0.36363840103149414,
    0.3865683078765869,
    0.34387049078941345,
    0.32730573415756226,
    0.3639613389968872,
    0.3508704900741577,
    0.510288655757904,
    0.3489459753036499,
    0.32973194122314453,
    0.34433361887931824,
    0.47238078713417053,
    0.32711052894592285,
    0.44125473499298096,
    0.5679400563240051,
    0.5438840985298157,
    0.42618662118911743,
    0.3629961311817169,
    0.38089022040367126
  ],
  "predicted_matches": [
    {
      "A_index": 0,
      "A_xt_id": 134,
      "pred_B_index": 0,
      "pred_B_xt_id": 134,
      "similarity": 0.9999999403953552,
      "is_null": false
    },
    {
      "A_index": 1,
      "A_xt_id": 135,
      "pred_B_index": 1,
      "pred_B_xt_id": 135,
      "similarity": 1.0000001192092896,
      "is_null": false
    },
    {
      "A_index": 2,
      "A_xt_id": 141,
      "pred_B_index": 2,
      "pred_B_xt_id": 141,
      "similarity": 0.9881323575973511,
      "is_null": false
    },
    {
      "A_index": 3,
      "A_xt_id": 143,
      "pred_B_index": 3,
      "pred_B_xt_id": 143,
      "similarity": 0.9999999403953552,
      "is_null": false
    },
    {
      "A_index": 4,
      "A_xt_id": 148,
      "pred_B_index": 4,
      "pred_B_xt_id": 148,
      "similarity": 0.8921132683753967,
      "is_null": false
    },
    {
      "A_index": 5,
      "A_xt_id": 149,
      "pred_B_index": 5,
      "pred_B_xt_id": 149,
      "similarity": 0.8245583772659302,
      "is_null": false
    },
    {
      "A_index": 6,
      "A_xt_id": 150,
      "pred_B_index": 6,
      "pred_B_xt_id": 150,
      "similarity": 0.759981632232666,
      "is_null": false
    },
    {
      "A_index": 7,
      "A_xt_id": 151,
      "pred_B_index": 7,
      "pred_B_xt_id": 151,
      "similarity": 0.8047201633453369,
      "is_null": false
    },
    {
      "A_index": 8,
      "A_xt_id": 152,
      "pred_B_index": 8,
      "pred_B_xt_id": 152,
      "similarity": 0.8576366901397705,
      "is_null": false
    },
    {
      "A_index": 9,
      "A_xt_id": 153,
      "pred_B_index": 9,
      "pred_B_xt_id": 153,
      "similarity": 0.8069626092910767,
      "is_null": false
    },
    {
      "A_index": 10,
      "A_xt_id": 154,
      "pred_B_index": 10,
      "pred_B_xt_id": 154,
      "similarity": 0.8961758017539978,
      "is_null": false
    },
    {
      "A_index": 11,
      "A_xt_id": 175,
      "pred_B_index": 11,
      "pred_B_xt_id": 175,
      "similarity": 0.9999999403953552,
      "is_null": false
    },
    {
      "A_index": 12,
      "A_xt_id": 181,
      "pred_B_index": 12,
      "pred_B_xt_id": 181,
      "similarity": 0.8155152201652527,
      "is_null": false
    },
    {
      "A_index": 13,
      "A_xt_id": 190,
      "pred_B_index": 13,
      "pred_B_xt_id": 190,
      "similarity": 0.9999999403953552,
      "is_null": false
    },
    {
      "A_index": 14,
      "A_xt_id": 193,
      "pred_B_index": 14,
      "pred_B_xt_id": 193,
      "similarity": 0.9999999403953552,
      "is_null": false
    },
    {
      "A_index": 15,
      "A_xt_id": 196,
      "pred_B_index": 15,
      "pred_B_xt_id": 196,
      "similarity": 0.8869304656982422,
      "is_null": false
    },
    {
      "A_index": 16,
      "A_xt_id": 199,
      "pred_B_index": null,
      "pred_B_xt_id": null,
      "similarity": 0.3176156282424927,
      "is_null": true
    },
    {
      "A_index": 17,
      "A_xt_id": 200,
      "pred_B_index": null,
      "pred_B_xt_id": null,
      "similarity": 0.36516648530960083,
      "is_null": true
    },
    {
      "A_index": 18,
      "A_xt_id": 209,
      "pred_B_index": null,
      "pred_B_xt_id": null,
      "similarity": 0.4205751121044159,
      "is_null": true
    },
    {
      "A_index": 19,
      "A_xt_id": 210,
      "pred_B_index": null,
      "pred_B_xt_id": null,
      "similarity": 0.3795858919620514,
      "is_null": true
    },
    {
      "A_index": 20,
      "A_xt_id": 211,
      "pred_B_index": null,
      "pred_B_xt_id": null,
      "similarity": 0.5173039436340332,
      "is_null": true
    },
    {
      "A_index": 21,
      "A_xt_id": 212,
      "pred_B_index": null,
      "pred_B_xt_id": null,
      "similarity": 0.403578519821167,
      "is_null": true
    },
    {
      "A_index": 22,
      "A_xt_id": 229,
      "pred_B_index": null,
      "pred_B_xt_id": null,
      "similarity": 0.46208202838897705,
      "is_null": true
    },
    {
      "A_index": 23,
      "A_xt_id": 230,
      "pred_B_index": null,
      "pred_B_xt_id": null,
      "similarity": 0.2613171935081482,
      "is_null": true
    },
    {
      "A_index": 24,
      "A_xt_id": 231,
      "pred_B_index": null,
      "pred_B_xt_id": null,
      "similarity": 0.5156779885292053,
      "is_null": true
    },
    {
      "A_index": 25,
      "A_xt_id": 232,
      "pred_B_index": null,
      "pred_B_xt_id": null,
      "similarity": 0.22704336047172546,
      "is_null": true
    },
    {
      "A_index": 26,
      "A_xt_id": 233,
      "pred_B_index": null,
      "pred_B_xt_id": null,
      "similarity": 0.3751717507839203,
      "is_null": true
    },
    {
      "A_index": 27,
      "A_xt_id": 234,
      "pred_B_index": null,
      "pred_B_xt_id": null,
      "similarity": 0.36818867921829224,
      "is_null": true
    },
    {
      "A_index": 28,
      "A_xt_id": 235,
      "pred_B_index": null,
      "pred_B_xt_id": null,
      "similarity": 0.36363840103149414,
      "is_null": true
    },
    {
      "A_index": 29,
      "A_xt_id": 236,
      "pred_B_index": null,
      "pred_B_xt_id": null,
      "similarity": 0.3865683078765869,
      "is_null": true
    },
    {
      "A_index": 30,
      "A_xt_id": 237,
      "pred_B_index": null,
      "pred_B_xt_id": null,
      "similarity": 0.34387049078941345,
      "is_null": true
    },
    {
      "A_index": 31,
      "A_xt_id": 238,
      "pred_B_index": null,
      "pred_B_xt_id": null,
      "similarity": 0.32730573415756226,
      "is_null": true
    },
    {
      "A_index": 32,
      "A_xt_id": 239,
      "pred_B_index": null,
      "pred_B_xt_id": null,
      "similarity": 0.3639613389968872,
      "is_null": true
    },
    {
      "A_index": 33,
      "A_xt_id": 240,
      "pred_B_index": null,
      "pred_B_xt_id": null,
      "similarity": 0.3508704900741577,
      "is_null": true
    },
    {
      "A_index": 34,