{
  "model_id": "55",
  "hungarian_used": true,
  "metric_details": {
    "top1_accuracy": 1.0,
    "top5_accuracy": 1.0,
    "null_f1": 0.9999999999994831,
    "unified_accuracy": 1.0,
    "null_threshold": 0.741270332384585,
    "TP": 59,
    "FP": 0,
    "FN": 0,
    "total_faces": 79,
    "structural_edge_consistency": 1.0
  },
  "A_ids": [
    444,
    445,
    446,
    447,
    448,
    449,
    450,
    451,
    480,
    486,
    492,
    493,
    494,
    495,
    496,
    515,
    516,
    517,
    518,
    519,
    566,
    670,
    671,
    673,
    674,
    3058,
    3064,
    3070,
    3076,
    3082,
    3088,
    3094,
    3102,
    3110,
    3116,
    3128,
    3134,
    3140,
    3146,
    3152,
    3158,
    3164,
    3170,
    3178,
    3186,
    3192,
    3204,
    3210,
    3216,
    3222,
    3228,
    3234,
    3240,
    3246,
    3254,
    3262,
    3268,
    3280,
    3286,
    3292,
    3298,
    3304,
    3310,
    3316,
    3322,
    3330,
    3338,
    3344,
    3356,
    3362,
    3376,
    3382,
    3388,
    3400,
    3412,
    3418,
    3424,
    3436,
    3448
  ],
  "B_ids": [
    444,
    445,
    446,
    447,
    448,
    449,
    450,
    451,
    480,
    486,
    492,
    493,
    494,
    495,
    496,
    515,
    516,
    517,
    518,
    519
  ],
  "max_similarity_per_A": [
    0.9889575242996216,
    0.9653512835502625,
    0.9906967878341675,
    0.9922637343406677,
    0.9849316477775574,
    0.9873018860816956,
    0.9366477131843567,
    0.8832353949546814,
    0.8971128463745117,
    0.9669927954673767,
    0.9431242346763611,
    0.9488617777824402,
    0.952949583530426,
    0.9866891503334045,
    0.9515128135681152,
    0.8881204128265381,
    0.9159438610076904,
    0.8929511904716492,
    0.9226953983306885,
    0.9029059410095215,
    0.4807575047016144,
    0.38485705852508545,
    0.3232513666152954,
    0.2961919903755188,
    0.3929079473018646,
    0.2846953868865967,
    0.3036648631095886,
    0.29848772287368774,
    0.30239138007164,
    0.32129448652267456,
    0.33335885405540466,
    0.3144620656967163,
    0.2862681448459625,
    0.3250553011894226,
    0.2587277293205261,
    0.32938432693481445,
    0.28826791048049927,
    0.32851681113243103,
    0.28146734833717346,
    0.30050379037857056,
    0.3352941870689392,
    0.3332778811454773,
    0.3516041040420532,
    0.2924993336200714,
    0.33111444115638733,
    0.38653886318206787,
    0.38340744376182556,
    0.29413753747940063,
    0.30014076828956604,
    0.34743574261665344,
    0.3027791380882263,
    0.31620895862579346,
    0.32502424716949463,
    0.34968212246894836,
    0.30469954013824463,
    0.3497393727302551,
    0.427428662776947,
    0.35254377126693726,
    0.2966380715370178,
    0.30757230520248413,
    0.3611612915992737,
    0.27326563000679016,
    0.2903968393802643,
    0.294686883687973,
    0.3133551776409149,
    0.37376782298088074,
    0.25758063793182373,
    0.3394852876663208,
    0.3941112756729126,
    0.3336225748062134,
    0.35092538595199585,
    0.30937838554382324,
    0.3557998538017273,
    0.3250797390937805,
    0.31993693113327026,
    0.3348004221916199,
    0.37442025542259216,
    0.3662843704223633,
    0.4538576602935791
  ],
  "predicted_matches": [
    {
      "A_index": 0,
      "A_xt_id": 444,
      "pred_B_index": 0,
      "pred_B_xt_id": 444,
      "similarity": 0.9889575242996216,
      "is_null": false
    },
    {
      "A_index": 1,
      "A_xt_id": 445,
      "pred_B_index": 1,
      "pred_B_xt_id": 445,
      "similarity": 0.9653512835502625,
      "is_null": false
    },
    {
      "A_index": 2,
      "A_xt_id": 446,
      "pred_B_index": 2,
      "pred_B_xt_id": 446,
      "similarity": 0.9906967878341675,
      "is_null": false
    },
    {
      "A_index": 3,
      "A_xt_id": 447,
      "pred_B_index": 3,
      "pred_B_xt_id": 447,
      "similarity": 0.9922637343406677,
      "is_null": false
    },
    {
      "A_index": 4,
      "A_xt_id": 448,
      "pred_B_index": 4,
      "pred_B_xt_id": 448,
      "similarity": 0.9849316477775574,
      "is_null": false
    },
    {
      "A_index": 5,
      "A_xt_id": 449,
      "pred_B_index": 5,
      "pred_B_xt_id": 449,
      "similarity": 0.9873018860816956,
      "is_null": false
    },
    {
      "A_index": 6,
      "A_xt_id": 450,
      "pred_B_index": 6,
      "pred_B_xt_id": 450,
      "similarity": 0.9366477131843567,
      "is_null": false
    },
    {
      "A_index": 7,
      "A_xt_id": 451,
      "pred_B_index": 7,
      "pred_B_xt_id": 451,
      "similarity": 0.8832353949546814,
      "is_null": false
    },
    {
      "A_index": 8,
      "A_xt_id": 480,
      "pred_B_index": 8,
      "pred_B_xt_id": 480,
      "similarity": 0.8971128463745117,
      "is_null": false
    },
    {
      "A_index": 9,
      "A_xt_id": 486,
      "pred_B_index": 9,
      "pred_B_xt_id": 486,
      "similarity": 0.9669927954673767,
      "is_null": false
    },
    {
      "A_index": 10,
      "A_xt_id": 492,
      "pred_B_index": 10,
      "pred_B_xt_id": 492,
      "similarity": 0.9431242346763611,
      "is_null": false
    },
    {
      "A_index": 11,
      "A_xt_id": 493,
      "pred_B_index": 11,
      "pred_B_xt_id": 493,
      "similarity": 0.9488617777824402,
      "is_null": false
    },
    {
      "A_index": 12,
      "A_xt_id": 494,
      "pred_B_index": 12,
      "pred_B_xt_id": 494,
      "similarity": 0.952949583530426,
      "is_null": false
    },
    {
      "A_index": 13,
      "A_xt_id": 495,
      "pred_B_index": 13,
      "pred_B_xt_id": 495,
      "similarity": 0.9866891503334045,
      "is_null": false
    },
    {
      "A_index": 14,
      "A_xt_id": 496,
      "pred_B_index": 14,
      "pred_B_xt_id": 496,
      "similarity": 0.9515128135681152,
      "is_null": false
    },
    {
      "A_index": 15,
      "A_xt_id": 515,
      "pred_B_index": 15,
      "pred_B_xt_id": 515,
      "similarity": 0.8881204128265381,
      "is_null": false
    },
    {
      "A_index": 16,
      "A_xt_id": 516,
      "pred_B_index": 16,
      "pred_B_xt_id": 516,
      "similarity": 0.9159438610076904,
      "is_null": false
    },
    {
      "A_index": 17,
      "A_xt_id": 517,
      "pred_B_index": 17,
      "pred_B_xt_id": 517,
      "similarity": 0.8929511904716492,
      "is_null": false
    },
    {
      "A_index": 18,
      "A_xt_id": 518,
      "pred_B_index": 18,
      "pred_B_xt_id": 518,
      "similarity": 0.9226953983306885,
      "is_null": false
    },
    {
      "A_index": 19,
      "A_xt_id": 519,
      "pred_B_index": 19,
      "pred_B_xt_id": 519,
      "similarity": 0.9029059410095215,
      "is_null": false
    },
    {
      "A_index": 20,
      "A_xt_id": 566,
      "pred_B_index": null,
      "pred_B_xt_id": null,
      "similarity": 0.4807575047016144,
      "is_null": true
    },
    {
      "A_index": 21,
      "A_xt_id": 670,
      "pred_B_index": null,
      "pred_B_xt_id": null,
      "similarity": 0.38485705852508545,
      "is_null": true
    },
    {
      "A_index": 22,
      "A_xt_id": 671,
      "pred_B_index": null,
      "pred_B_xt_id": null,
      "similarity": 0.3232513666152954,
      "is_null": true
    },
    {
      "A_index": 23,
      "A_xt_id": 673,
      "pred_B_index": null,
      "pred_B_xt_id": null,
      "similarity": 0.2961919903755188,
      "is_null": true
    },
    {
      "A_index": 24,
      "A_xt_id": 674,
      "pred_B_index": null,
      "pred_B_xt_id": null,
      "similarity": 0.3929079473018646,
      "is_null": true
    },
    {
      "A_index": 25,
      "A_xt_id": 3058,
      "pred_B_index": null,
      "pred_B_xt_id": null,
      "similarity": 0.2846953868865967,
      "is_null": true
    },
    {
      "A_index": 26,
      "A_xt_id": 3064,
      "pred_B_index": null,
      "pred_B_xt_id": null,
      "similarity": 0.3036648631095886,
      "is_null": true
    },
    {
      "A_index": 27,
      "A_xt_id": 3070,